rse_licensee,rse_name,mysuper_product_name,lifecycle_stage_name,single_strategy_lifecycle_indicator,rse_net_assets_000,proportion_of_total_assets_in_mysuper,rse_total_accounts,strategic_growth_asset_allocation,5_year_net_investment_return_nir_p_a,5_year_nir_relative_to_simple_reference_portfolio_p_a,5_year_nir_relative_to_listed_saa_benchmark_portfolio_p_a,5_year_net_return_50_000_rep_member_p_a,3_year_net_investment_return_nir_p_a,3_year_nir_relative_to_simple_reference_portfolio_p_a,3_year_nir_relative_to_listed_saa_benchmark_portfolio_p_a,3_year_net_return_50_000_rep_member_p_a,administration_fees_disclosed_10_000_account_balance,administration_fees_disclosed_25_000_account_balance,administration_fees_disclosed_50_000_account_balance,administration_fees_disclosed_100_000_account_balance,administration_fees_disclosed_250_000_account_balance,total_fees_disclosed_10_000_account_balance,total_fees_disclosed_25_000_account_balance,total_fees_disclosed_50_000_account_balance,total_fees_disclosed_100_000_account_balance,total_fees_disclosed_250_000_account_balance,rse_adjusted_total_accounts_growth_rate_3_year_average,rse_net_cash_flow_ratio_3_year_average,rse_net_rollover_ratio_3_year_average
AMP Superannuation Limited,AMP Retirement Trust,AMP MySuper No.1,,Single strategy,16657866,0.05,290026,0.72,0.0785,0.0013,0.004,0.0726,0.0911,-0.0043,0.0047,0.0852,0.0154,0.0089,0.0068,0.0057,0.005,0.0177,0.0112,0.0091,0.008,0.0073,0.0039,-0.0646,-0.0435
AMP Superannuation Limited,AMP Superannuation Savings Trust,AFLPA & AFL Industry MySuper,,Lifecycle,55491521,0.35,1501221,,,,,,,,,,,,,,,,,,,,-0.0935,-0.0602,-0.08
AMP Superannuation Limited,AMP Superannuation Savings Trust,AFLPA & AFL Industry MySuper,AFLPA & AFL MySuper 1990s,,,,,0.85,0.085,8.00E-04,-0.0049,0.0814,0.0958,-0.0119,-0.0109,0.0922,0.0073,0.0042,0.0031,0.0026,0.0023,0.0139,0.0108,0.0097,0.0092,0.0089,,,
AMP Superannuation Limited,AMP Superannuation Savings Trust,AFLPA & AFL Industry MySuper,AFLPA & AFL MySuper 1980s,,,,,0.85,0.0861,0.0019,-9.00E-04,0.0825,0.0976,-0.0101,-0.0041,0.094,0.0073,0.0042,0.0031,0.0026,0.0023,0.0142,0.0111,0.01,0.0095,0.0092,,,
AMP Superannuation Limited,AMP Superannuation Savings Trust,AFLPA & AFL Industry MySuper,AFLPA & AFL MySuper 1970s,,,,,0.8,0.0835,0.0017,-0.0037,0.0798,0.0936,-0.0099,-0.0083,0.09,0.0073,0.0042,0.0031,0.0026,0.0023,0.0144,0.0113,0.0102,0.0097,0.0094,,,
AMP Superannuation Limited,AMP Superannuation Savings Trust,AFLPA & AFL Industry MySuper,AFLPA & AFL MySuper 1960s,,,,,0.6,0.0672,-0.0033,-0.0069,0.0635,0.0742,-0.0098,-0.008,0.0706,0.0073,0.0042,0.0031,0.0026,0.0023,0.014,0.0109,0.0098,0.0093,0.009,,,
AMP Superannuation Limited,AMP Superannuation Savings Trust,AFLPA & AFL Industry MySuper,AFLPA & AFL MySuper 1950s,,,,,0.48,0.0554,-0.0085,-0.0099,0.0518,0.0609,-0.0119,-0.0092,0.0572,0.0073,0.0042,0.0031,0.0026,0.0023,0.0131,0.01,0.0089,0.0084,0.0081,,,
AMP Superannuation Limited,AMP Superannuation Savings Trust,AFLPA & AFL Industry MySuper,AFLPA & AFL MySuper Capital Stable,,,,,0.45,0.0519,-0.009,-0.008,0.0483,0.0566,-0.0113,-0.0048,0.053,0.0073,0.0042,0.0031,0.0026,0.0023,0.0131,0.01,0.0089,0.0084,0.0081,,,
AMP Superannuation Limited,AMP Superannuation Savings Trust,AMP MySuper No.2,,Lifecycle,55491521,0.35,1501221,,,,,,,,,,,,,,,,,,,,-0.0935,-0.0602,-0.08
AMP Superannuation Limited,AMP Superannuation Savings Trust,AMP MySuper No.2,AMP MySuper 1990s,,,,,0.85,0.0848,6.00E-04,-0.0052,0.0783,0.0955,-0.0121,-0.0111,0.0894,0.012,0.0065,0.0047,0.0038,0.0033,0.0188,0.0133,0.0115,0.0106,0.0101,,,
AMP Superannuation Limited,AMP Superannuation Savings Trust,AMP MySuper No.2,AMP MySuper 1980s,,,,,0.85,0.0858,0.0016,-0.0011,0.0794,0.0973,-0.0103,-0.0043,0.0912,0.012,0.0065,0.0047,0.0038,0.0033,0.0191,0.0136,0.0118,0.0109,0.0104,,,
AMP Superannuation Limited,AMP Superannuation Savings Trust,AMP MySuper No.2,AMP MySuper 1970s,,,,,0.8,0.0833,0.0015,-0.0039,0.0768,0.0934,-0.0101,-0.0085,0.0873,0.012,0.0065,0.0047,0.0038,0.0033,0.0193,0.0138,0.012,0.0111,0.0106,,,
AMP Superannuation Limited,AMP Superannuation Savings Trust,AMP MySuper No.2,AMP MySuper 1960s,,,,,0.6,0.067,-0.0035,-0.0071,0.0605,0.074,-0.0099,-0.0081,0.0678,0.012,0.0065,0.0047,0.0038,0.0033,0.0189,0.0134,0.0116,0.0107,0.0102,,,
AMP Superannuation Limited,AMP Superannuation Savings Trust,AMP MySuper No.2,AMP MySuper 1950s,,,,,0.48,0.0552,-0.0086,-0.0101,0.0488,0.0607,-0.0121,-0.0094,0.0545,0.012,0.0065,0.0047,0.0038,0.0033,0.018,0.0125,0.0107,0.0098,0.0093,,,
AMP Superannuation Limited,AMP Superannuation Savings Trust,AMP MySuper No.2,AMP MySuper Capital Stable,,,,,0.45,0.0518,-0.0092,-0.0081,0.0454,0.0565,-0.0114,-0.005,0.0503,0.012,0.0065,0.0047,0.0038,0.0033,0.018,0.0125,0.0107,0.0098,0.0093,,,
AMP Superannuation Limited,AMP Superannuation Savings Trust,Anglican National MySuper,,Lifecycle,55491521,0.35,1501221,,,,,,,,,,,,,,,,,,,,-0.0935,-0.0602,-0.08
AMP Superannuation Limited,AMP Superannuation Savings Trust,Anglican National MySuper,ANS MySuper RIL Balanced,,,,,0.7,0.0711,-0.0042,-0.0079,0.0687,0.0842,-0.008,-0.0044,0.0822,0.0036,0.0017,0.001,7.00E-04,5.00E-04,0.0129,0.011,0.0103,0.01,0.0098,,,
AMP Superannuation Limited,AMP Superannuation Savings Trust,Anglican National MySuper,ANS MySuper RIL Conservative,,,,,0.34,0.0448,-0.0074,-0.0053,0.0424,0.0472,-0.0061,-0.0028,0.0452,0.0036,0.0017,0.001,7.00E-04,5.00E-04,0.0116,0.0097,0.009,0.0087,0.0085,,,
AMP Superannuation Limited,AMP Superannuation Savings Trust,Anglican National MySuper,ANS MySuper RIL Growth,,,,,0.87,0.0779,-0.0071,-0.0085,0.0755,0.097,-0.012,-0.0074,0.0951,0.0036,0.0017,0.001,7.00E-04,5.00E-04,0.0139,0.012,0.0113,0.011,0.0108,,,
AMP Superannuation Limited,AMP Superannuation Savings Trust,Anglican National MySuper,ANS MySuper RIL High Growth,,,,,0.98,0.0876,-0.0039,-0.0092,0.0852,0.1101,-0.0103,-0.013,0.1081,0.0036,0.0017,0.001,7.00E-04,5.00E-04,0.0156,0.0137,0.013,0.0127,0.0125,,,
AMP Superannuation Limited,AMP Superannuation Savings Trust,Australia Post MySuper,,Lifecycle,55491521,0.35,1501221,,,,,,,,,,,,,,,,,,,,-0.0935,-0.0602,-0.08
AMP Superannuation Limited,AMP Superannuation Savings Trust,Australia Post MySuper,Australia Post MySuper 1990s,,,,,0.85,0.0851,9.00E-04,-0.0048,0.0826,0.0959,-0.0118,-0.0108,0.0935,0.0053,0.0024,0.0015,0.001,7.00E-04,0.0119,0.009,0.0081,0.0076,0.0073,,,
AMP Superannuation Limited,AMP Superannuation Savings Trust,Australia Post MySuper,Australia Post MySuper 1980s,,,,,0.85,0.0862,0.002,-8.00E-04,0.0837,0.0977,-0.01,-0.004,0.0952,0.0053,0.0024,0.0015,0.001,7.00E-04,0.0122,0.0093,0.0084,0.0079,0.0076,,,
AMP Superannuation Limited,AMP Superannuation Savings Trust,Australia Post MySuper,Australia Post MySuper 1970s,,,,,0.8,0.0836,0.0018,-0.0035,0.0811,0.0937,-0.0098,-0.0082,0.0913,0.0053,0.0024,0.0015,0.001,7.00E-04,0.0124,0.0095,0.0086,0.0081,0.0078,,,
AMP Superannuation Limited,AMP Superannuation Savings Trust,Australia Post MySuper,Australia Post MySuper 1960s,,,,,0.6,0.0672,-0.0032,-0.0068,0.0648,0.0742,-0.0097,-0.0079,0.0718,0.0053,0.0024,0.0015,0.001,7.00E-04,0.012,0.0091,0.0082,0.0077,0.0074,,,
AMP Superannuation Limited,AMP Superannuation Savings Trust,Australia Post MySuper,Australia Post MySuper 1950s,,,,,0.48,0.0555,-0.0084,-0.0098,0.053,0.0609,-0.0119,-0.0091,0.0585,0.0053,0.0024,0.0015,0.001,7.00E-04,0.0111,0.0082,0.0073,0.0068,0.0065,,,
AMP Superannuation Limited,AMP Superannuation Savings Trust,Australia Post MySuper,Australia Post MySuper Capital Stable,,,,,0.45,0.052,-0.009,-0.0079,0.0495,0.0567,-0.0112,-0.0048,0.0543,0.0053,0.0024,0.0015,0.001,7.00E-04,0.0111,0.0082,0.0073,0.0068,0.0065,,,
AMP Superannuation Limited,AMP Superannuation Savings Trust,Brookfield Australia MySuper,,Single strategy,55491521,0.35,1501221,0.7,0.0767,0.0021,0.0017,0.0753,0.0821,-0.0091,7.00E-04,0.0809,9.00E-04,9.00E-04,9.00E-04,9.00E-04,9.00E-04,0.005,0.005,0.005,0.005,0.005,-0.0935,-0.0602,-0.08
AMP Superannuation Limited,AMP Superannuation Savings Trust,CCA MySuper,,Lifecycle,55491521,0.35,1501221,,,,,,,,,,,,,,,,,,,,-0.0935,-0.0602,-0.08
AMP Superannuation Limited,AMP Superannuation Savings Trust,CCA MySuper,CCA MySuper Future Directions Balanced,,,,,0.71,0.0778,0.0027,-8.00E-04,0.0772,0.0846,-0.0073,-0.0051,0.084,2.00E-04,2.00E-04,2.00E-04,2.00E-04,2.00E-04,0.009,0.009,0.009,0.009,0.009,,,
AMP Superannuation Limited,AMP Superannuation Savings Trust,CCA MySuper,CCA MySuper Future Directions Conservative,,,,,0.36,0.0486,-0.0064,-0.0059,0.048,0.0473,-0.0106,-0.0064,0.0467,2.00E-04,2.00E-04,2.00E-04,2.00E-04,2.00E-04,0.0065,0.0065,0.0065,0.0065,0.0065,,,
AMP Superannuation Limited,AMP Superannuation Savings Trust,CCA MySuper,CCA MySuper Future Directions Growth,,,,,0.85,0.0871,0.004,0.0016,0.0865,0.0984,-0.0074,-0.0044,0.0978,2.00E-04,2.00E-04,2.00E-04,2.00E-04,2.00E-04,0.0089,0.0089,0.0089,0.0089,0.0089,,,
AMP Superannuation Limited,AMP Superannuation Savings Trust,CCA MySuper,CCA MySuper Future Directions High Growth,,,,,0.9,0.0932,0.0066,0.0041,0.0926,0.1091,-0.0028,-0.0016,0.1085,2.00E-04,2.00E-04,2.00E-04,2.00E-04,2.00E-04,0.0086,0.0086,0.0086,0.0086,0.0086,,,
AMP Superannuation Limited,AMP Superannuation Savings Trust,CCA MySuper,CCA MySuper Future Directions Moderately Cons,,,,,0.54,0.0635,-0.0018,-0.0019,0.0628,0.0679,-0.0073,-0.002,0.0673,2.00E-04,2.00E-04,2.00E-04,2.00E-04,2.00E-04,0.0079,0.0079,0.0079,0.0079,0.0079,,,
AMP Superannuation Limited,AMP Superannuation Savings Trust,Macquarie Group MySuper,,Single strategy,55491521,0.35,1501221,0.54,0.0757,0.0085,0.0104,0.0735,0.0915,0.0132,0.0136,0.0894,0.0024,0.0024,0.0024,0.0024,0.0024,0.0094,0.0094,0.0094,0.0094,0.0094,-0.0935,-0.0602,-0.08
AMP Superannuation Limited,AMP Superannuation Savings Trust,Water Corporation MySuper,,Lifecycle,55491521,0.35,1501221,,,,,,,,,,,,,,,,,,,,-0.0935,-0.0602,-0.08
AMP Superannuation Limited,AMP Superannuation Savings Trust,Water Corporation MySuper,Water Corporation MySuper 1990s,,,,,,,,,,,,,,0.0053,0.0024,0.0014,9.00E-04,6.00E-04,0.0129,0.01,0.009,0.0085,0.0082,,,
AMP Superannuation Limited,AMP Superannuation Savings Trust,Water Corporation MySuper,Water Corporation MySuper 1980s,,,,,,,,,,,,,,0.0053,0.0024,0.0014,9.00E-04,6.00E-04,0.0132,0.0103,0.0093,0.0088,0.0085,,,
AMP Superannuation Limited,AMP Superannuation Savings Trust,Water Corporation MySuper,Water Corporation MySuper 1970s,,,,,,,,,,,,,,0.0053,0.0024,0.0014,9.00E-04,6.00E-04,0.0134,0.0105,0.0095,0.009,0.0087,,,
AMP Superannuation Limited,AMP Superannuation Savings Trust,Water Corporation MySuper,Water Corporation MySuper 1960s,,,,,,,,,,,,,,0.0053,0.0024,0.0014,9.00E-04,6.00E-04,0.013,0.0101,0.0091,0.0086,0.0083,,,
AMP Superannuation Limited,AMP Superannuation Savings Trust,Water Corporation MySuper,Water Corporation MySuper 1950s,,,,,,,,,,,,,,0.0053,0.0024,0.0014,9.00E-04,6.00E-04,0.0121,0.0092,0.0082,0.0077,0.0074,,,
AMP Superannuation Limited,AMP Superannuation Savings Trust,Water Corporation MySuper,Water Corporation MySuper Capital Stable,,,,,,,,,,,,,,0.0053,0.0024,0.0014,9.00E-04,6.00E-04,0.0121,0.0092,0.0082,0.0077,0.0074,,,
AMP Superannuation Limited,AMP Superannuation Savings Trust,Woolworths Group MySuper,,Single strategy,55491521,0.35,1501221,0.71,0.0781,0.0024,-0.0012,0.0771,0.083,-0.0099,-0.0079,0.082,0.0038,0.0016,9.00E-04,5.00E-04,3.00E-04,0.0122,0.01,0.0093,0.0089,0.0087,-0.0935,-0.0602,-0.08
ANZ Staff Superannuation (Australia) Pty. Limited,ANZ Australian Staff Superannuation Scheme,ANZ Staff MySuper,,Single strategy,4644751,0.45,31068,0.71,0.0763,-0.0019,-0.0026,0.0743,0.0932,-0.004,0.0034,0.0913,0.0016,0.0016,0.0016,0.0016,0.0016,0.0073,0.0073,0.0073,0.0073,0.0073,-0.0089,0.0083,-0.0242
AUSCOAL Superannuation Pty Ltd,Mine Superannuation Fund,Default Lifecycle,,Lifecycle,11092625,0.59,63488,,,,,,,,,,,,,,,,,,,,-0.0323,-0.0155,-0.02
AUSCOAL Superannuation Pty Ltd,Mine Superannuation Fund,Default Lifecycle,Aggressive,,,,,0.93,0.0819,-0.0043,-0.0058,0.0783,0.0938,-0.0174,-0.0104,0.0907,0.012,0.0058,0.0037,0.0026,0.002,0.0207,0.0145,0.0124,0.0113,0.0107,,,
AUSCOAL Superannuation Pty Ltd,Mine Superannuation Fund,Default Lifecycle,Growth,,,,,0.83,0.0715,-0.0065,-0.0078,0.0679,0.0797,-0.0171,-0.0089,0.0765,0.012,0.0058,0.0037,0.0026,0.002,0.0209,0.0147,0.0126,0.0115,0.0109,,,
AUSCOAL Superannuation Pty Ltd,Mine Superannuation Fund,Default Lifecycle,Balanced,,,,,0.62,0.057,-0.0121,-0.0118,0.0534,0.0598,-0.0218,-0.0125,0.0567,0.012,0.0058,0.0037,0.0026,0.002,0.021,0.0148,0.0127,0.0116,0.011,,,
AUSCOAL Superannuation Pty Ltd,Mine Superannuation Fund,Default Lifecycle,Stable,,,,,0.38,0.0446,-0.0125,-0.0112,0.041,0.0443,-0.0172,-0.011,0.0411,0.012,0.0058,0.0037,0.0026,0.002,0.0195,0.0133,0.0112,0.0101,0.0095,,,
Australian Ethical Superannuation Pty Ltd,Australian Ethical Retail Superannuation Fund,Balanced (accumulation),,Single strategy,2271039,0.43,43079,0.68,0.0856,0.0127,0.0052,0.0792,0.0939,0.0057,0.0069,0.0887,0.0138,0.008,0.006,0.0051,0.0045,0.0209,0.0151,0.0131,0.0122,0.0116,0.1862,0.1755,0.1094
Australian Meat Industry Superannuation Pty Ltd,Australian Meat Industry Superannuation Trust,AMIST MySuper,,Single strategy,2317078,0.71,69931,0.74,0.0791,0.0035,0.0035,0.077,0.0893,-0.0045,0.0051,0.0872,0.0096,0.0042,0.0025,0.0016,0.0011,0.0163,0.0109,0.0092,0.0083,0.0078,0.0128,0.0273,-0.0081
AustralianSuper Pty Ltd,AustralianSuper,AustralianSuper MySuper,,Single strategy,166784468,0.67,2155463,0.74,0.0948,0.0162,0.0189,0.0932,0.1072,0.009,0.0178,0.1056,0.0117,0.0047,0.0023,0.0012,5.00E-04,0.0177,0.0107,0.0083,0.0072,0.0065,0.0187,0.0738,0.0373
AvSuper Pty Ltd,AvSuper Fund,AvSuper Growth (MySuper),,Single strategy,2451908,0.45,6340,0.74,0.0752,-0.0046,-0.0065,0.0722,0.0874,-0.0127,-0.006,0.0844,0.0083,0.0047,0.0035,0.0029,0.0025,0.0178,0.0142,0.013,0.0124,0.012,-0.0123,0.0023,-0.0109
BEST Superannuation Pty Ltd,Goldman Sachs & JBWere Superannuation Fund,Goldman Sachs & JBWere Superannuation Fund_MySuper Product,,Single strategy,540328,0.82,1828,0.85,0.0963,0.0138,0.0129,0.0857,0.103,-0.0017,-0.0039,0.0932,0.0379,0.0163,0.0091,0.0055,0.0033,0.0437,0.0221,0.0149,0.0113,0.0091,-0.0119,-0.0152,-0.0236
BOC Superannuation Pty Ltd,Boc Gases Superannuation Fund,BOC MySuper,,Single strategy,751839,0.66,3239,0.69,0.0771,9.00E-04,-0.0025,0.0738,0.0876,-0.006,5.00E-04,0.0843,0.0127,0.0065,0.0044,0.0033,0.0027,0.0213,0.0151,0.013,0.0119,0.0113,-0.0422,-0.0322,-0.028
BT Funds Management Limited,ASGARD Independence Plan Division Two,Asgard Employee MySuper,,Lifecycle,22934010,0.11,211940,,,,,,,,,,,,,,,,,,,,-0.0555,-0.0438,-0.0262
BT Funds Management Limited,ASGARD Independence Plan Division Two,Asgard Employee MySuper,MySuper 2000s Lifestage,,,,,0.9,0.076,-0.011,-0.0127,0.0695,0.0968,-0.0153,-0.0074,0.0907,0.0128,0.0081,0.0066,0.0058,0.0053,0.0191,0.0144,0.0129,0.0121,0.0116,,,
BT Funds Management Limited,ASGARD Independence Plan Division Two,Asgard Employee MySuper,MySuper 1990s LifeStage,,,,,0.9,0.077,-0.01,-0.0117,0.0705,0.0978,-0.0143,-0.0063,0.0918,0.0128,0.0081,0.0066,0.0058,0.0053,0.0191,0.0144,0.0129,0.0121,0.0116,,,
BT Funds Management Limited,ASGARD Independence Plan Division Two,Asgard Employee MySuper,MySuper 1980s LifeStage,,,,,0.9,0.0774,-0.0096,-0.0113,0.0709,0.0983,-0.0139,-0.0059,0.0922,0.0128,0.0081,0.0066,0.0058,0.0053,0.0191,0.0144,0.0129,0.0121,0.0116,,,
BT Funds Management Limited,ASGARD Independence Plan Division Two,Asgard Employee MySuper,MySuper 1970s LifeStage,,,,,0.9,0.0767,-0.0098,-0.0114,0.0703,0.098,-0.0133,-0.0055,0.0919,0.0128,0.0081,0.0066,0.0058,0.0053,0.0191,0.0144,0.0129,0.0121,0.0116,,,
BT Funds Management Limited,ASGARD Independence Plan Division Two,Asgard Employee MySuper,MySuper 1960s LifeStage,,,,,0.63,0.0626,-0.0103,-0.0125,0.0562,0.0759,-0.0121,-0.0065,0.0698,0.0128,0.0081,0.0066,0.0058,0.0053,0.0189,0.0142,0.0127,0.0119,0.0114,,,
BT Funds Management Limited,ASGARD Independence Plan Division Two,Asgard Employee MySuper,MySuper 1950s LifeStage,,,,,0.36,0.0474,-0.0099,-0.012,0.041,0.0526,-0.0091,-0.0051,0.0465,0.0128,0.0081,0.0066,0.0058,0.0053,0.0187,0.014,0.0125,0.0117,0.0112,,,
BT Funds Management Limited,ASGARD Independence Plan Division Two,Asgard Employee MySuper,MySuper 1940s LifeStage,,,,,0.28,0.04,-0.0112,-0.0121,0.0336,0.0448,-0.007,-0.003,0.0387,0.0128,0.0081,0.0066,0.0058,0.0053,0.0187,0.014,0.0125,0.0117,0.0112,,,
BT Funds Management Limited,Retirement Wrap,BT Super for Life MySuper; BT Lifetime Employer MySuper,,Lifecycle,69626319,0.22,811389,,,,,,,,,,,,,,,,,,,,-0.0473,-0.0099,-0.0116
BT Funds Management Limited,Retirement Wrap,BT Super for Life MySuper; BT Lifetime Employer MySuper,BT Super_ MySuper 2000s Lifestage,,,,,0.9,,,,,0.101,-0.0111,-0.0031,0.0957,0.0123,0.0076,0.0061,0.0053,0.0048,0.0192,0.0145,0.013,0.0122,0.0117,,,
BT Funds Management Limited,Retirement Wrap,BT Super for Life MySuper; BT Lifetime Employer MySuper,BT Super_ MySuper 1990s LifeStage,,,,,0.9,0.0798,-0.0072,-0.0089,0.0744,0.0996,-0.0125,-0.0046,0.0942,0.0123,0.0076,0.0061,0.0053,0.0048,0.0191,0.0144,0.0129,0.0121,0.0116,,,
BT Funds Management Limited,Retirement Wrap,BT Super for Life MySuper; BT Lifetime Employer MySuper,BT Super_ MySuper 1980s LifeStage,,,,,0.9,0.0787,-0.0083,-0.01,0.0733,0.0981,-0.0141,-0.0061,0.0927,0.0123,0.0076,0.0061,0.0053,0.0048,0.0191,0.0144,0.0129,0.0121,0.0116,,,
BT Funds Management Limited,Retirement Wrap,BT Super for Life MySuper; BT Lifetime Employer MySuper,BT Super_ MySuper 1970s LifeStage,,,,,0.9,0.0774,-0.0091,-0.0107,0.072,0.0973,-0.014,-0.0062,0.0919,0.0123,0.0076,0.0061,0.0053,0.0048,0.0191,0.0144,0.0129,0.0121,0.0116,,,
BT Funds Management Limited,Retirement Wrap,BT Super for Life MySuper; BT Lifetime Employer MySuper,BT Super_ MySuper 1960s LifeStage,,,,,0.63,0.0625,-0.0104,-0.0126,0.0571,0.0746,-0.0133,-0.0077,0.0693,0.0123,0.0076,0.0061,0.0053,0.0048,0.0189,0.0142,0.0127,0.0119,0.0114,,,
BT Funds Management Limited,Retirement Wrap,BT Super for Life MySuper; BT Lifetime Employer MySuper,BT Super_ MySuper 1950s LifeStage,,,,,0.36,0.0474,-0.0099,-0.012,0.0421,0.0519,-0.0099,-0.0058,0.0465,0.0123,0.0076,0.0061,0.0053,0.0048,0.0187,0.014,0.0125,0.0117,0.0112,,,
BT Funds Management Limited,Retirement Wrap,BT Super for Life MySuper; BT Lifetime Employer MySuper,BT Super_ MySuper 1940s LifeStage,,,,,0.28,0.0402,-0.011,-0.0119,0.0349,0.0446,-0.0072,-0.0032,0.0392,0.0123,0.0076,0.0061,0.0053,0.0048,0.0187,0.014,0.0125,0.0117,0.0112,,,
BT Funds Management Limited,Retirement Wrap,Westpac Group Plan MySuper,,Lifecycle,69626319,0.22,811389,,,,,,,,,,,,,,,,,,,,-0.0473,-0.0099,-0.0116
BT Funds Management Limited,Retirement Wrap,Westpac Group Plan MySuper,MySuper 2000s LifeStage,,,,,,,,,,,,,,0.0012,0.0012,0.0012,0.0012,0.0012,0.0081,0.0081,0.0081,0.0081,0.0081,,,
BT Funds Management Limited,Retirement Wrap,Westpac Group Plan MySuper,MySuper 1990s LifeStage,,,,,0.9,0.0797,-0.0073,-0.009,0.0787,0.0994,-0.0127,-0.0047,0.0984,0.0012,0.0012,0.0012,0.0012,0.0012,0.008,0.008,0.008,0.008,0.008,,,
BT Funds Management Limited,Retirement Wrap,Westpac Group Plan MySuper,MySuper 1980s LifeStage,,,,,0.9,0.0786,-0.0083,-0.0101,0.0776,0.098,-0.0142,-0.0062,0.097,0.0012,0.0012,0.0012,0.0012,0.0012,0.008,0.008,0.008,0.008,0.008,,,
BT Funds Management Limited,Retirement Wrap,Westpac Group Plan MySuper,MySuper 1970s LifeStage,,,,,0.9,0.0772,-0.0093,-0.0109,0.0762,0.0971,-0.0141,-0.0064,0.0961,0.0012,0.0012,0.0012,0.0012,0.0012,0.008,0.008,0.008,0.008,0.008,,,
BT Funds Management Limited,Retirement Wrap,Westpac Group Plan MySuper,MySuper 1960s LifeStage,,,,,0.63,0.0624,-0.0106,-0.0127,0.0614,0.0745,-0.0135,-0.0079,0.0735,0.0012,0.0012,0.0012,0.0012,0.0012,0.0078,0.0078,0.0078,0.0078,0.0078,,,
BT Funds Management Limited,Retirement Wrap,Westpac Group Plan MySuper,MySuper 1950s LifeStage,,,,,0.36,0.0472,-0.0101,-0.0122,0.0462,0.0516,-0.0101,-0.0061,0.0506,0.0012,0.0012,0.0012,0.0012,0.0012,0.0076,0.0076,0.0076,0.0076,0.0076,,,
BT Funds Management Limited,Retirement Wrap,Westpac Group Plan MySuper,MySuper 1940s LifeStage,,,,,0.28,0.04,-0.0112,-0.0121,0.039,0.0443,-0.0075,-0.0035,0.0433,0.0012,0.0012,0.0012,0.0012,0.0012,0.0076,0.0076,0.0076,0.0076,0.0076,,,
BUSS (Queensland) Pty Ltd,Building Unions Superannuation Scheme (Queensland),BUSSQ MySuper,,Single strategy,5050826,0.75,80467,0.77,0.0803,1.00E-04,-0.0062,0.0777,0.0779,-0.0229,-0.0204,0.0753,0.0117,0.0047,0.0023,0.0012,5.00E-04,0.0226,0.0156,0.0132,0.0121,0.0114,-0.0193,0.025,-0.0065
CARE Super Pty Ltd,Care Super,CareSuper,,Single strategy,16312507,0.62,245598,0.74,0.0874,0.01,0.0071,0.0841,0.0954,-6.00E-04,0.0073,0.0921,0.0097,0.005,0.0035,0.0027,0.0022,0.0179,0.0132,0.0117,0.0109,0.0104,-0.0037,0.042,0.0051
Christian Super Pty Limited,Christian Super,My Ethical Super,,Single strategy,1602922,0.57,28082,0.74,0.0676,-0.0084,-0.0118,0.0644,0.0765,-0.0171,-0.0138,0.0732,0.0092,0.0053,0.004,0.0034,0.003,0.0192,0.0153,0.014,0.0134,0.013,0.0364,0.0486,6.00E-04
Club Plus QLD Pty Ltd,Club Super,Club MySuper,,Single strategy,592411,0.8,20918,0.75,0.0768,-0.0022,-0.0088,0.072,0.0881,-0.01,-0.0063,0.0833,0.0121,0.0066,0.0048,0.0039,0.0034,0.0222,0.0167,0.0149,0.014,0.0135,-0.0874,-0.007,-0.0309
Club Plus Superannuation Pty Ltd,Club Plus Superannuation Scheme,Club Plus Super _ MySuper,,Single strategy,2945614,0.85,76764,0.71,0.0831,0.0067,0.003,0.0802,0.0994,0.0052,0.0098,0.0963,0.0114,0.0057,0.0039,0.0029,0.0024,0.019,0.0133,0.0115,0.0105,0.01,-0.0532,0.0078,-0.0176
Colonial First State Investments Limited,Colonial First State FirstChoice Superannuation Trust,Colonial First State FirstChoice Superannuation Trust,,Lifecycle,80052996,0.12,720423,,,,,,,,,,,,,,,,,,,,-0.0181,-0.0068,0.006
Colonial First State Investments Limited,Colonial First State FirstChoice Superannuation Trust,Colonial First State FirstChoice Superannuation Trust,FirstChoice Lifestage 2000_04,,,,,0.89,,,,,0.1019,-0.0096,-0.0012,0.0958,0.011,0.0074,0.0062,0.0056,0.0052,0.0151,0.0115,0.0103,0.0097,0.0093,,,
Colonial First State Investments Limited,Colonial First State FirstChoice Superannuation Trust,Colonial First State FirstChoice Superannuation Trust,FirstChoice Lifestage 1995-99,,,,,0.89,0.0832,-0.0031,-0.0012,0.077,0.1041,-0.0074,0.001,0.098,0.011,0.0074,0.0062,0.0056,0.0052,0.0154,0.0118,0.0106,0.01,0.0096,,,
Colonial First State Investments Limited,Colonial First State FirstChoice Superannuation Trust,Colonial First State FirstChoice Superannuation Trust,FirstChoice Lifestage 1990-94,,,,,0.89,0.0832,-0.0031,-0.0012,0.077,0.1046,-0.0069,0.0015,0.0985,0.011,0.0074,0.0062,0.0056,0.0052,0.0154,0.0118,0.0106,0.01,0.0096,,,
Colonial First State Investments Limited,Colonial First State FirstChoice Superannuation Trust,Colonial First State FirstChoice Superannuation Trust,FirstChoice Lifestage 1985-89,,,,,0.89,0.0835,-0.0029,-0.001,0.0772,0.1049,-0.0066,0.0018,0.0988,0.011,0.0074,0.0062,0.0056,0.0052,0.0156,0.012,0.0108,0.0102,0.0098,,,
Colonial First State Investments Limited,Colonial First State FirstChoice Superannuation Trust,Colonial First State FirstChoice Superannuation Trust,FirstChoice Lifestage 1980-84,,,,,0.89,0.0834,-0.003,-0.001,0.0772,0.105,-0.0065,0.0019,0.0989,0.011,0.0074,0.0062,0.0056,0.0052,0.0156,0.012,0.0108,0.0102,0.0098,,,
Colonial First State Investments Limited,Colonial First State FirstChoice Superannuation Trust,Colonial First State FirstChoice Superannuation Trust,FirstChoice Lifestage 1975-79,,,,,0.89,0.0834,-0.0029,-0.001,0.0772,0.105,-0.0065,0.0019,0.0989,0.011,0.0074,0.0062,0.0056,0.0052,0.0157,0.0121,0.0109,0.0103,0.0099,,,
Colonial First State Investments Limited,Colonial First State FirstChoice Superannuation Trust,Colonial First State FirstChoice Superannuation Trust,FirstChoice Lifestage 1970-74,,,,,0.89,0.0839,-0.0025,-6.00E-04,0.0776,0.105,-0.0065,0.0019,0.0989,0.011,0.0074,0.0062,0.0056,0.0052,0.0157,0.0121,0.0109,0.0103,0.0099,,,
Colonial First State Investments Limited,Colonial First State FirstChoice Superannuation Trust,Colonial First State FirstChoice Superannuation Trust,FirstChoice Lifestage 1965-69,,,,,0.81,0.083,-0.0025,-3.00E-04,0.0768,0.1029,-0.0072,0.0016,0.0968,0.011,0.0074,0.0062,0.0056,0.0052,0.0159,0.0123,0.0111,0.0105,0.0101,,,
Colonial First State Investments Limited,Colonial First State FirstChoice Superannuation Trust,Colonial First State FirstChoice Superannuation Trust,FirstChoice Lifestage 1960-64,,,,,0.56,0.071,-0.0034,-0.0015,0.0648,0.0828,-0.0066,-3.00E-04,0.0767,0.011,0.0074,0.0062,0.0056,0.0052,0.0162,0.0126,0.0114,0.0108,0.0104,,,
Colonial First State Investments Limited,Colonial First State FirstChoice Superannuation Trust,Colonial First State FirstChoice Superannuation Trust,FirstChoice Lifestage 1955-59,,,,,0.41,0.0567,-0.0053,-8.00E-04,0.0505,0.0597,-0.0085,-0.0016,0.0536,0.011,0.0074,0.0062,0.0056,0.0052,0.0162,0.0126,0.0114,0.0108,0.0104,,,
Colonial First State Investments Limited,Colonial First State FirstChoice Superannuation Trust,Colonial First State FirstChoice Superannuation Trust,FirstChoice Lifestage 1950-54,,,,,0.41,0.0546,-0.0052,5.00E-04,0.0484,0.0574,-0.0085,-0.0018,0.0513,0.011,0.0074,0.0062,0.0056,0.0052,0.0162,0.0126,0.0114,0.0108,0.0104,,,
Colonial First State Investments Limited,Colonial First State FirstChoice Superannuation Trust,Colonial First State FirstChoice Superannuation Trust,FirstChoice Lifestage 1945-49,,,,,0.41,0.0551,-0.0047,0.001,0.0489,0.0575,-0.0084,-0.0017,0.0514,0.011,0.0074,0.0062,0.0056,0.0052,0.0162,0.0126,0.0114,0.0108,0.0104,,,
Colonial First State Investments Limited,Commonwealth Essential Super,Commonwealth Essential Super,,Lifecycle,3781219,0.92,272352,,,,,,,,,,,,,,,,,,,,0.2156,0.2316,0.0974
Colonial First State Investments Limited,Commonwealth Essential Super,Commonwealth Essential Super,LIFESTAGE 2000_04 OPTION,,,,,,,,,,,,,,0.0106,0.0063,0.0049,0.0042,0.0038,0.0153,0.011,0.0096,0.0089,0.0085,,,
Colonial First State Investments Limited,Commonwealth Essential Super,Commonwealth Essential Super,LIFESTAGE 1995_99 OPTION,,,,,,,,,,,,,,0.0106,0.0063,0.0049,0.0042,0.0038,0.0152,0.0109,0.0095,0.0088,0.0084,,,
Colonial First State Investments Limited,Commonwealth Essential Super,Commonwealth Essential Super,LIFESTAGE 1990_94 OPTION,,,,,0.89,0.082,-1.00E-04,-8.00E-04,0.0775,0.0928,-0.0112,-0.0027,0.0883,0.0106,0.0063,0.0049,0.0042,0.0038,0.0152,0.0109,0.0095,0.0088,0.0084,,,
Colonial First State Investments Limited,Commonwealth Essential Super,Commonwealth Essential Super,LIFESTAGE 1985_89 OPTION,,,,,,,,,,,,,,0.0106,0.0063,0.0049,0.0042,0.0038,0.0153,0.011,0.0096,0.0089,0.0085,,,
Colonial First State Investments Limited,Commonwealth Essential Super,Commonwealth Essential Super,LIFESTAGE 1980_84 OPTION,,,,,0.89,0.0818,-4.00E-04,-0.0011,0.0772,0.0925,-0.0115,-0.003,0.088,0.0106,0.0063,0.0049,0.0042,0.0038,0.0153,0.011,0.0096,0.0089,0.0085,,,
Colonial First State Investments Limited,Commonwealth Essential Super,Commonwealth Essential Super,LIFESTAGE 1975_79 OPTION,,,,,,,,,,,,,,0.0106,0.0063,0.0049,0.0042,0.0038,0.0157,0.0114,0.01,0.0093,0.0089,,,
Colonial First State Investments Limited,Commonwealth Essential Super,Commonwealth Essential Super,LIFESTAGE 1970_74 OPTION,,,,,0.89,0.0815,-6.00E-04,-0.0013,0.077,0.0922,-0.0118,-0.0033,0.0877,0.0106,0.0063,0.0049,0.0042,0.0038,0.0157,0.0114,0.01,0.0093,0.0089,,,
Colonial First State Investments Limited,Commonwealth Essential Super,Commonwealth Essential Super,LIFESTAGE 1965_69 OPTION,,,,,,,,,,,,,,0.0106,0.0063,0.0049,0.0042,0.0038,0.0159,0.0116,0.0102,0.0095,0.0091,,,
Colonial First State Investments Limited,Commonwealth Essential Super,Commonwealth Essential Super,LIFESTAGE 1960_64 OPTION,,,,,0.56,0.0704,-0.0028,-0.0029,0.0659,0.0753,-0.0116,-0.0039,0.0708,0.0106,0.0063,0.0049,0.0042,0.0038,0.0159,0.0116,0.0102,0.0095,0.0091,,,
Colonial First State Investments Limited,Commonwealth Essential Super,Commonwealth Essential Super,LIFESTAGE 1955_59 OPTION,,,,,,,,,,,,,,0.0106,0.0063,0.0049,0.0042,0.0038,0.016,0.0117,0.0103,0.0096,0.0092,,,
Colonial First State Investments Limited,Commonwealth Essential Super,Commonwealth Essential Super,LIFESTAGE 1950_54 OPTION,,,,,0.41,0.0538,-0.0064,-0.0026,0.0493,0.0548,-0.0107,-0.0034,0.0503,0.0106,0.0063,0.0049,0.0042,0.0038,0.016,0.0117,0.0103,0.0096,0.0092,,,
Colonial First State Investments Limited,Commonwealth Essential Super,Commonwealth Essential Super,LIFESTAGE 1945_49 OPTION,,,,,0.41,0.0546,-0.005,-7.00E-04,0.05,0.0555,-0.01,-0.0027,0.051,0.0106,0.0063,0.0049,0.0042,0.0038,0.0161,0.0118,0.0104,0.0097,0.0093,,,
Commonwealth Bank Officers Superannuation Corporation Pty Limited,Commonwealth Bank Group Super,Accumulate Plus Balanced,,Single strategy,12123771,0.64,73385,0.63,0.0679,-0.0043,-0.0097,0.065,0.0787,-0.0082,-0.0043,0.076,0.0095,0.0048,0.0033,0.0025,0.002,0.0145,0.0098,0.0083,0.0075,0.007,6.00E-04,-0.0015,-0.0096
Commonwealth Superannuation Corporation,Australian Defence Force Superannuation Scheme,ADF MySuper,,Single strategy,282938,0.86,15789,0.62,,,,,0.0877,0.0019,0.0088,0.0867,0.0084,0.0034,0.0017,8.00E-04,3.00E-04,0.0193,0.0143,0.0126,0.0117,0.0112,0.6807,0.9212,0.2315
Commonwealth Superannuation Corporation,Public Sector Superannuation Accumulation Plan,PSSap MySuper Balanced,,Single strategy,14504909,0.83,140419,0.62,0.0802,0.0089,0.0044,0.0793,0.0879,0.002,0.009,0.0869,0.0084,0.0034,0.0017,8.00E-04,3.00E-04,0.0187,0.0137,0.012,0.0111,0.0106,0.0131,0.086,0.0055
CSF Pty Limited,MyLifeMyMoney Superannuation Fund,MyCatholicSuper,,Lifecycle,9987227,0.6,75648,,,,,,,,,,,,,,,,,,,,0.011,0.0187,0.0113
CSF Pty Limited,MyLifeMyMoney Superannuation Fund,MyCatholicSuper,Aggressive(MySuper),,,,,,,,,,,,,,0.0112,0.0055,0.0037,0.0027,0.0022,0.0212,0.0155,0.0137,0.0127,0.0122,,,
CSF Pty Limited,MyLifeMyMoney Superannuation Fund,MyCatholicSuper,Age 51,,,,,,,,,,,,,,0.0112,0.0055,0.0037,0.0027,0.0022,0.0208,0.0152,0.0133,0.0124,0.0118,,,
CSF Pty Limited,MyLifeMyMoney Superannuation Fund,MyCatholicSuper,Age 52,,,,,,,,,,,,,,0.0112,0.0055,0.0037,0.0027,0.0022,0.0204,0.0148,0.0129,0.012,0.0114,,,
CSF Pty Limited,MyLifeMyMoney Superannuation Fund,MyCatholicSuper,Balanced (MySuper),,,,,0.78,0.084,0.0039,-6.00E-04,0.0829,0.0883,-0.0122,-0.0063,0.0875,0.0112,0.0055,0.0037,0.0027,0.0022,0.0201,0.0144,0.0126,0.0116,0.0111,,,
Diversa Trustees Limited,LESF Super,LESF MySuper,,Single strategy,232032,0.66,28555,0.7,0.0694,-0.0067,-0.0095,0.0623,0.0939,3.00E-04,-9.00E-04,0.0868,0.0083,0.0083,0.0083,0.0083,0.0083,0.0129,0.0129,0.0129,0.0129,0.0129,0.1212,0.0138,0.0259
Diversa Trustees Limited,Smartsave 'Member's Choice' Superannuation Master Plan,SmartSave MySuper Balanced,,Single strategy,187831,0.21,6523,0.7,0.0676,8.00E-04,-0.0024,0.0615,0.0745,-0.0032,-0.0047,0.0693,0.0126,0.0081,0.0066,0.0059,0.0054,0.0172,0.0127,0.0112,0.0105,0.01,-0.0528,-0.0785,-0.0929
Electricity Supply Industry Superannuation (QLD) Ltd,Energy Super,MySuper,,Single strategy,7806015,0.32,48422,0.82,0.0816,0.0018,-4.00E-04,0.0783,0.0885,-0.0113,-0.0039,0.0852,0.007,0.0039,0.0028,0.0023,0.002,0.0141,0.011,0.0099,0.0094,0.0091,0.0049,0.0049,-0.0049
Energy Industries Superannuation Scheme Pty Ltd,Energy Industries Superannuation Scheme-Pool A,MySuper Conservative Balanced,,Single strategy,3850088,0.37,19440,0.65,0.0619,-0.0083,-0.0117,0.0579,0.0687,-0.0149,-0.0127,0.0647,0.0039,0.0039,0.0039,0.0039,0.0039,0.0084,0.0084,0.0084,0.0084,0.0084,0.0237,0.0193,0.0167
Equipsuper Pty Ltd,equipsuper,Equipsuper MySuper,,Single strategy,15726503,0.42,72845,0.72,0.0791,0.0083,0.007,0.0767,0.0883,0.0043,0.0118,0.0857,0.0077,0.0046,0.0035,0.003,0.0027,0.0138,0.0107,0.0096,0.0091,0.0088,-0.0204,-0.0077,-0.0247
Equity Trustees Superannuation Limited,AMG Super,AMG MySuper,,Single strategy,1221394,0.39,26631,0.7,0.0699,-0.0061,-0.0125,0.0635,0.0762,-0.0173,-0.0148,0.0702,0.0121,0.0082,0.0069,0.0063,0.0059,0.0156,0.0117,0.0104,0.0098,0.0094,-0.0107,0.0827,0.0513
Equity Trustees Superannuation Limited,AON Master Trust,Aon MySuper,,Lifecycle,5298938,0.82,183662,,,,,,,,,,,,,,,,,,,,0.0858,-0.0422,-0.0393
Equity Trustees Superannuation Limited,AON Master Trust,Aon MySuper,Aon MySuper Under 35,,,,,0.87,0.0983,0.007,0.0022,0.0924,0.1171,-0.0033,5.00E-04,0.1111,0.0145,0.009,0.0071,0.0062,0.0057,0.017,0.0115,0.0097,0.0087,0.0082,,,
Equity Trustees Superannuation Limited,AON Master Trust,Aon MySuper,Aon MySuper36,,,,,0.86,0.0983,0.0069,0.0022,0.0923,0.117,-0.0034,4.00E-04,0.111,0.0145,0.009,0.0071,0.0062,0.0057,0.017,0.0115,0.0097,0.0087,0.0082,,,
Equity Trustees Superannuation Limited,AON Master Trust,Aon MySuper,Aon MySuper37,,,,,0.85,0.0982,0.0069,0.0021,0.0923,0.1169,-0.0034,3.00E-04,0.1109,0.0145,0.009,0.0071,0.0062,0.0057,0.017,0.0115,0.0097,0.0087,0.0082,,,
Equity Trustees Superannuation Limited,AON Master Trust,Aon MySuper,Aon MySuper38,,,,,0.84,0.0982,0.0069,0.0021,0.0922,0.1168,-0.0034,3.00E-04,0.1108,0.0145,0.009,0.0071,0.0062,0.0057,0.017,0.0115,0.0097,0.0088,0.0082,,,
Equity Trustees Superannuation Limited,AON Master Trust,Aon MySuper,Aon MySuper39,,,,,0.83,0.0981,0.0069,0.0021,0.0921,0.1167,-0.0034,3.00E-04,0.1107,0.0145,0.009,0.0071,0.0062,0.0057,0.017,0.0115,0.0097,0.0088,0.0082,,,
Equity Trustees Superannuation Limited,AON Master Trust,Aon MySuper,Aon MySuper40,,,,,0.82,0.098,0.0069,0.0021,0.0921,0.1166,-0.0034,3.00E-04,0.1106,0.0145,0.009,0.0071,0.0062,0.0057,0.017,0.0115,0.0097,0.0088,0.0082,,,
Equity Trustees Superannuation Limited,AON Master Trust,Aon MySuper,Aon MySuper41,,,,,0.81,0.0979,0.0068,0.0021,0.092,0.1164,-0.0035,3.00E-04,0.1104,0.0145,0.009,0.0071,0.0062,0.0057,0.017,0.0115,0.0097,0.0088,0.0082,,,
Equity Trustees Superannuation Limited,AON Master Trust,Aon MySuper,Aon MySuper42,,,,,0.8,0.0979,0.0068,0.0021,0.0919,0.1163,-0.0035,3.00E-04,0.1103,0.0145,0.009,0.0071,0.0062,0.0057,0.017,0.0115,0.0097,0.0088,0.0082,,,
Equity Trustees Superannuation Limited,AON Master Trust,Aon MySuper,Aon MySuper43,,,,,0.79,0.0956,0.0056,0.0012,0.0896,0.1132,-0.0047,-0.0012,0.1072,0.0145,0.009,0.0071,0.0062,0.0057,0.017,0.0115,0.0097,0.0088,0.0082,,,
Equity Trustees Superannuation Limited,AON Master Trust,Aon MySuper,Aon MySuper44,,,,,0.78,0.0933,0.0054,0.0012,0.0873,0.11,-0.0041,-9.00E-04,0.104,0.0145,0.009,0.0071,0.0062,0.0057,0.017,0.0115,0.0097,0.0088,0.0082,,,
Equity Trustees Superannuation Limited,AON Master Trust,Aon MySuper,Aon MySuper45,,,,,0.77,0.091,0.0053,0.0014,0.0851,0.1069,-0.0035,-5.00E-04,0.1009,0.0145,0.009,0.0071,0.0062,0.0057,0.017,0.0115,0.0097,0.0088,0.0082,,,
Equity Trustees Superannuation Limited,AON Master Trust,Aon MySuper,Aon MySuper46,,,,,0.76,0.0887,0.0051,0.0014,0.0827,0.1037,-0.0029,-2.00E-04,0.0977,0.0145,0.009,0.0071,0.0062,0.0057,0.017,0.0115,0.0097,0.0088,0.0082,,,
Equity Trustees Superannuation Limited,AON Master Trust,Aon MySuper,Aon MySuper47,,,,,0.75,0.0864,0.005,0.0015,0.0804,0.1006,-0.0023,1.00E-04,0.0946,0.0145,0.009,0.0071,0.0062,0.0057,0.017,0.0115,0.0097,0.0088,0.0082,,,
Equity Trustees Superannuation Limited,AON Master Trust,Aon MySuper,Aon MySuper48,,,,,0.73,0.0841,0.0048,0.0017,0.0781,0.0974,-0.0017,4.00E-04,0.0914,0.0145,0.009,0.0071,0.0062,0.0057,0.017,0.0115,0.0097,0.0088,0.0082,,,
Equity Trustees Superannuation Limited,AON Master Trust,Aon MySuper,Aon MySuper49,,,,,0.72,0.0818,0.0046,0.0017,0.0758,0.0943,-0.0012,7.00E-04,0.0883,0.0145,0.009,0.0071,0.0062,0.0057,0.017,0.0115,0.0097,0.0088,0.0082,,,
Equity Trustees Superannuation Limited,AON Master Trust,Aon MySuper,Aon MySuper50,,,,,0.71,0.0795,0.0045,0.0018,0.0735,0.0911,-7.00E-04,0.001,0.0851,0.0145,0.009,0.0071,0.0062,0.0057,0.017,0.0115,0.0097,0.0088,0.0082,,,
Equity Trustees Superannuation Limited,AON Master Trust,Aon MySuper,Aon MySuper51,,,,,0.69,0.0771,0.0043,0.0019,0.0711,0.0879,-2.00E-04,0.0012,0.0819,0.0145,0.009,0.0071,0.0062,0.0057,0.017,0.0115,0.0097,0.0088,0.0083,,,
Equity Trustees Superannuation Limited,AON Master Trust,Aon MySuper,Aon MySuper52,,,,,0.68,0.0747,0.0041,0.0019,0.0688,0.0847,3.00E-04,0.0014,0.0787,0.0145,0.009,0.0071,0.0062,0.0057,0.017,0.0116,0.0097,0.0088,0.0083,,,
Equity Trustees Superannuation Limited,AON Master Trust,Aon MySuper,Aon MySuper53,,,,,0.66,0.0724,0.0039,0.002,0.0664,0.0815,8.00E-04,0.0017,0.0755,0.0145,0.009,0.0071,0.0062,0.0057,0.017,0.0116,0.0097,0.0088,0.0083,,,
Equity Trustees Superannuation Limited,AON Master Trust,Aon MySuper,Aon MySuper54,,,,,0.65,0.07,0.0037,0.002,0.064,0.0782,0.0013,0.0019,0.0722,0.0145,0.009,0.0071,0.0062,0.0057,0.0171,0.0116,0.0097,0.0088,0.0083,,,
Equity Trustees Superannuation Limited,AON Master Trust,Aon MySuper,Aon MySuper55,,,,,0.63,0.0677,0.0035,0.0021,0.0617,0.075,0.0017,0.0021,0.069,0.0145,0.009,0.0071,0.0062,0.0057,0.0171,0.0116,0.0097,0.0088,0.0083,,,
Equity Trustees Superannuation Limited,AON Master Trust,Aon MySuper,Aon MySuper56,,,,,0.61,0.0652,0.0033,0.0021,0.0593,0.0717,0.0022,0.0023,0.0657,0.0145,0.009,0.0071,0.0062,0.0057,0.0171,0.0116,0.0097,0.0088,0.0083,,,
Equity Trustees Superannuation Limited,AON Master Trust,Aon MySuper,Aon MySuper57,,,,,0.6,0.0628,0.0031,0.0021,0.0569,0.0684,0.0026,0.0024,0.0624,0.0145,0.009,0.0071,0.0062,0.0057,0.0171,0.0116,0.0097,0.0088,0.0083,,,
Equity Trustees Superannuation Limited,AON Master Trust,Aon MySuper,Aon MySuper58,,,,,0.57,0.0604,0.0029,0.0022,0.0545,0.0652,0.003,0.0026,0.0592,0.0145,0.009,0.0071,0.0062,0.0057,0.0171,0.0116,0.0098,0.0088,0.0083,,,
Equity Trustees Superannuation Limited,AON Master Trust,Aon MySuper,Aon MySuper59,,,,,0.55,0.058,0.0026,0.0022,0.052,0.0618,0.0033,0.0027,0.0558,0.0145,0.009,0.0071,0.0062,0.0057,0.0171,0.0116,0.0098,0.0088,0.0083,,,
Equity Trustees Superannuation Limited,AON Master Trust,Aon MySuper,Aon MySuper60,,,,,0.53,0.0555,0.0024,0.0022,0.0496,0.0585,0.0036,0.0027,0.0525,0.0145,0.009,0.0071,0.0062,0.0057,0.0171,0.0116,0.0098,0.0089,0.0083,,,
Equity Trustees Superannuation Limited,AON Master Trust,Aon MySuper,Aon MySuper61,,,,,0.51,0.053,0.0021,0.0021,0.0471,0.0551,0.0039,0.0028,0.0491,0.0145,0.009,0.0071,0.0062,0.0057,0.0171,0.0116,0.0098,0.0089,0.0083,,,
Equity Trustees Superannuation Limited,AON Master Trust,Aon MySuper,Aon MySuper62,,,,,0.48,0.0505,0.0019,0.0021,0.0446,0.0517,0.0042,0.0028,0.0457,0.0145,0.009,0.0071,0.0062,0.0057,0.0171,0.0116,0.0098,0.0089,0.0083,,,
Equity Trustees Superannuation Limited,AON Master Trust,Aon MySuper,Aon MySuper63,,,,,0.45,0.048,0.0015,0.002,0.0421,0.0483,0.0044,0.0027,0.0423,0.0145,0.009,0.0071,0.0062,0.0057,0.0171,0.0116,0.0098,0.0089,0.0083,,,
Equity Trustees Superannuation Limited,AON Master Trust,Aon MySuper,Aon MySuper64,,,,,0.42,0.0454,0.0013,0.002,0.0395,0.0448,0.0048,0.0029,0.0388,0.0145,0.009,0.0071,0.0062,0.0057,0.0171,0.0116,0.0098,0.0089,0.0083,,,
Equity Trustees Superannuation Limited,AON Master Trust,Aon MySuper,Aon MySuper65,,,,,0.39,0.0429,0.0012,0.0021,0.037,0.0413,0.0052,0.003,0.0353,0.0145,0.009,0.0071,0.0062,0.0057,0.0171,0.0116,0.0098,0.0089,0.0083,,,
Equity Trustees Superannuation Limited,AON Master Trust,Aon MySuper,Aon MySuper66,,,,,0.38,0.0405,0.001,0.0021,0.0345,0.038,0.0056,0.0031,0.032,0.0145,0.009,0.0071,0.0062,0.0057,0.0171,0.0116,0.0098,0.0089,0.0083,,,
Equity Trustees Superannuation Limited,AON Master Trust,Aon MySuper,Aon MySuper67,,,,,0.37,0.0381,-0.0015,-1.00E-04,0.0321,0.0348,0.0022,-5.00E-04,0.0288,0.0145,0.009,0.0071,0.0062,0.0057,0.0171,0.0116,0.0098,0.0089,0.0084,,,
Equity Trustees Superannuation Limited,AON Master Trust,Aon MySuper,Aon MySuper68,,,,,0.36,0.038,-0.0015,-2.00E-04,0.032,0.0347,0.0022,-5.00E-04,0.0287,0.0145,0.009,0.0071,0.0062,0.0057,0.0171,0.0117,0.0098,0.0089,0.0084,,,
Equity Trustees Superannuation Limited,AON Master Trust,Aon MySuper,Aon MySuper69,,,,,0.35,0.0379,-0.0015,-2.00E-04,0.032,0.0346,0.0022,-5.00E-04,0.0286,0.0145,0.009,0.0071,0.0062,0.0057,0.0171,0.0117,0.0098,0.0089,0.0084,,,
Equity Trustees Superannuation Limited,AON Master Trust,Aon MySuper,Aon MySuper70,,,,,0.34,0.0378,-0.0015,-2.00E-04,0.0319,0.0344,0.0021,-5.00E-04,0.0284,0.0145,0.009,0.0071,0.0062,0.0057,0.0172,0.0117,0.0098,0.0089,0.0084,,,
Equity Trustees Superannuation Limited,AON Master Trust,Aon MySuper,Aon MySuper71,,,,,0.33,0.0378,-0.0015,-2.00E-04,0.0318,0.0343,0.0022,-5.00E-04,0.0283,0.0145,0.009,0.0071,0.0062,0.0057,0.0172,0.0117,0.0098,0.0089,0.0084,,,
Equity Trustees Superannuation Limited,AON Master Trust,Aon MySuper,Aon MySuper72,,,,,0.32,0.0377,-0.0015,-1.00E-04,0.0317,0.0342,0.0022,-5.00E-04,0.0282,0.0145,0.009,0.0071,0.0062,0.0057,0.0172,0.0117,0.0098,0.0089,0.0084,,,
Equity Trustees Superannuation Limited,AON Master Trust,Aon MySuper,Aon MySuper73,,,,,0.31,0.0376,-0.0015,-1.00E-04,0.0317,0.034,0.0022,-5.00E-04,0.0281,0.0145,0.009,0.0071,0.0062,0.0057,0.0172,0.0117,0.0098,0.0089,0.0084,,,
Equity Trustees Superannuation Limited,AON Master Trust,Aon MySuper,Aon MySuper74,,,,,0.3,0.0375,-0.0015,-2.00E-04,0.0316,0.0339,0.0022,-5.00E-04,0.0279,0.0145,0.009,0.0071,0.0062,0.0057,0.0172,0.0117,0.0098,0.0089,0.0084,,,
Equity Trustees Superannuation Limited,AON Master Trust,Aon MySuper,Aon MySuper Over 75,,,,,0.29,0.0375,-0.0014,-1.00E-04,0.0315,0.0338,0.0023,-5.00E-04,0.0278,0.0145,0.009,0.0071,0.0062,0.0057,0.0171,0.0116,0.0098,0.0089,0.0083,,,
First Super Pty Limited,First Super,First Super MySuper,,Single strategy,3192705,0.87,51640,0.61,0.0868,0.0162,0.0086,0.0838,0.0961,0.0109,0.0122,0.0931,0.0178,0.0074,0.004,0.0022,0.0012,0.0302,0.0198,0.0164,0.0146,0.0136,-0.0612,0.0084,-0.0114
FSS Trustee Corporation,First State Superannuation Scheme,First State Super MySuper Lifecycle,,Lifecycle,96950303,0.78,861118,,,,,,,,,,,,,,,,,,,,0.0142,0.0276,-0.0117
FSS Trustee Corporation,First State Superannuation Scheme,First State Super MySuper Lifecycle,Diversified,,,,,0.7,0.083,0.0065,0.0057,0.0805,0.1009,0.007,0.0161,0.0984,0.0067,0.0036,0.0025,0.002,0.0017,0.0143,0.0112,0.0101,0.0096,0.0093,,,
FSS Trustee Corporation,First State Superannuation Scheme,First State Super MySuper Lifecycle,Balanced,,,,,0.51,0.0712,0.0046,0.0044,0.0686,0.083,0.006,0.0151,0.0804,0.0067,0.0036,0.0025,0.002,0.0017,0.0147,0.0116,0.0105,0.01,0.0097,,,
Guild Trustee Services Pty. Limited,Guild Retirement Fund,Guild Retirement Fund (MySuper),,Lifecycle,1972417,0.7,82232,,,,,,,,,,,,,,,,,,,,0.0332,0.0484,-0.0367
Guild Trustee Services Pty. Limited,Guild Retirement Fund,Guild Retirement Fund (MySuper),Building,,,,,0.93,0.0888,-3.00E-04,-0.0018,0.0856,0.1066,-0.0097,-0.0034,0.1035,0.011,0.0053,0.0034,0.0025,0.0019,0.0216,0.0159,0.014,0.0131,0.0125,,,
Guild Trustee Services Pty. Limited,Guild Retirement Fund,Guild Retirement Fund (MySuper),Growing,,,,,0.74,0.0747,-0.0026,-0.0029,0.0714,0.089,-0.0067,-0.0013,0.0859,0.011,0.0053,0.0034,0.0025,0.0019,0.0205,0.0148,0.0129,0.012,0.0114,,,
Guild Trustee Services Pty. Limited,Guild Retirement Fund,Guild Retirement Fund (MySuper),Consolidating,,,,,0.62,0.0631,-0.0039,-0.0027,0.0599,0.0734,-0.0047,-0.001,0.0703,0.011,0.0053,0.0034,0.0025,0.0019,0.0194,0.0137,0.0118,0.0109,0.0103,,,
H.E.S.T. Australia Ltd.,Health Employees Superannuation Trust Australia,Core Pool,,Single strategy,52149770,0.77,858438,0.75,0.0835,0.004,-5.00E-04,0.0817,0.0957,-0.0035,0.0011,0.0939,0.0073,0.0034,0.0021,0.0015,0.0011,0.0155,0.0116,0.0103,0.0097,0.0093,0.0098,0.0419,-0.0051
Host-Plus Pty. Limited,HOSTPLUS Superannuation Fund,Balanced option,,Single strategy,45023386,0.79,1193243,0.93,0.0965,0.0091,0.005,0.095,0.108,-0.0053,0.0069,0.1064,0.0078,0.0031,0.0016,8.00E-04,3.00E-04,0.0184,0.0137,0.0122,0.0114,0.0109,0.0692,0.1812,0.1168
I.O.O.F. Investment Management Limited,IOOF Portfolio Service Superannuation Fund,IOOF MySuper,,Single strategy,29526204,0.11,301878,0.66,0.0791,0.0044,-0.0029,0.0741,0.0855,-0.0057,-0.0041,0.0805,0.0152,0.0082,0.0058,0.0047,0.004,0.022,0.015,0.0126,0.0115,0.0108,-0.0779,8.00E-04,0.0134
IAG & NRMA Superannuation Pty Ltd,IAG & NRMA Superannuation Plan,MySuper,,Single strategy,2225592,0.74,14225,0.7,0.0711,-0.0048,-0.0083,0.0674,0.0822,-0.0114,-0.0073,0.0789,0.0159,0.0069,0.0039,0.0024,0.0015,0.0252,0.0162,0.0132,0.0117,0.0108,-0.0304,-0.0033,-0.032
IS INDUSTRY FUND PTY LTD,Intrust Super Fund,Intrust MySuper,,Single strategy,2808312,0.72,120554,0.73,0.0847,0.0077,-2.00E-04,0.082,0.0933,-0.0019,-0.0015,0.0907,0.0108,0.0061,0.0046,0.0038,0.0033,0.0189,0.0142,0.0127,0.0119,0.0114,-8.00E-04,0.0329,-0.0125
L.U.C.R.F. Pty. Ltd.,Labour Union Co-Operative Retirement Fund,MySuper Balanced,,Single strategy,6742593,0.8,131621,0.71,0.0711,-0.0077,-0.0136,0.0689,0.0845,-0.0136,-0.0084,0.0817,0.0113,0.0058,0.0039,0.003,0.002,0.0175,0.012,0.0101,0.0092,0.0082,-0.0766,0.0153,-0.0091
LCA NOMINEES PTY. LTD.,Lutheran Super,Balanced Option_MySuper Compliant,,Single strategy,578925,0.46,6403,0.7,0.0753,-7.00E-04,-0.0048,0.0704,0.1001,0.0066,0.0044,0.0953,0.0121,0.0066,0.0048,0.0039,0.0034,0.018,0.0125,0.0107,0.0098,0.0093,-0.0325,0.0141,-0.0218
Legal Super Pty Ltd,legalsuper,MySuper Balanced,,Single strategy,4127843,0.49,44619,0.76,0.0824,0.0055,0.0017,0.0786,0.0918,-0.0032,0.003,0.088,0.0097,0.0056,0.0043,0.0036,0.0032,0.0181,0.014,0.0127,0.012,0.0116,0.008,0.0402,-0.004
LGIAsuper Trustee,LGIAsuper,LGIASuper MySuper Lifecycle,,Lifecycle,12641590,0.65,81610,,,,,,,,,,,,,,,,,,,,0.0083,0.0073,-0.0086
LGIAsuper Trustee,LGIAsuper,LGIASuper MySuper Lifecycle,Under 75,,,,,0.81,0.0769,-0.0046,-0.0037,0.0748,0.0905,-0.0125,0.0021,0.0884,0.0096,0.0049,0.0034,0.0026,0.0021,0.0182,0.0135,0.012,0.0112,0.0107,,,
LGIAsuper Trustee,LGIAsuper,LGIASuper MySuper Lifecycle,75 Plus,,,,,0.61,0.0654,-0.0044,-0.005,0.0633,0.0728,-0.0102,0.0025,0.0707,0.0096,0.0049,0.0034,0.0026,0.0021,0.0177,0.013,0.0115,0.0107,0.0102,,,
LGSS Pty Limited,Local Government Super,MySuper Age Based Investment Strategy,,Lifecycle,12068817,0.42,88409,,,,,,,,,,,,,,,,,,,,-0.0114,0.0074,-0.0023
LGSS Pty Limited,Local Government Super,MySuper Age Based Investment Strategy,MySuper Age_Based Investment Strategy High Growth,,,,,0.94,0.0941,0.0053,6.00E-04,0.0905,0.1108,-0.005,-0.0018,0.1073,0.0097,0.0054,0.004,0.0033,0.0029,0.0188,0.0145,0.0131,0.0124,0.012,,,
LGSS Pty Limited,Local Government Super,MySuper Age Based Investment Strategy,MySuper Age_Based Investment Strategy Balanced Growth,,,,,0.77,0.0813,0.0014,-4.00E-04,0.0777,0.0915,-0.0087,-0.0011,0.0879,0.0097,0.0054,0.004,0.0033,0.0029,0.0183,0.014,0.0126,0.0119,0.0115,,,
LGSS Pty Limited,Local Government Super,MySuper Age Based Investment Strategy,MySuper Age_Based Investment Strategy Balanced,,,,,0.6,0.0674,-0.0027,-0.0066,0.0638,0.0715,-0.0118,-0.0078,0.068,0.0097,0.0054,0.004,0.0033,0.0029,0.0184,0.0141,0.0127,0.012,0.0116,,,
LGSS Pty Limited,Local Government Super,MySuper Age Based Investment Strategy,MySuper Age_Based Investment Strategy Conservative,,,,,0.42,0.0499,-0.0106,-0.0122,0.0466,0.0508,-0.0165,-0.0119,0.0473,0.0097,0.0054,0.004,0.0033,0.0029,0.0176,0.0133,0.0119,0.0112,0.0108,,,
Maritime Super Pty Limited,Maritime Super,Moderate investment option,,Single strategy,5786553,0.17,26504,0.66,0.0623,-0.0106,-0.0098,0.0583,0.0718,-0.0161,-0.013,0.068,0.0106,0.0059,0.0044,0.0036,0.0031,0.0233,0.0186,0.0171,0.0163,0.0158,-0.0017,-0.0142,-0.0138
Meat Industry Employees Superannuation Fund Pty. Ltd.,Meat Industry Employees Superannuation Fund,MIESF MySuper,,Single strategy,882501,0.93,21796,0.65,0.0802,0.0069,0.0026,0.0788,0.0936,0.0048,0.0175,0.0921,0.0132,0.0059,0.0034,0.0022,0.0015,0.0177,0.0104,0.0079,0.0067,0.006,-0.0281,-0.02,-0.0343
Media Super Limited,Media Super,Balanced investment option (accumulation),,Single strategy,6016627,0.7,77796,0.72,0.0848,0.0063,0.0033,0.0824,0.1014,0.0037,0.0092,0.099,0.008,0.0041,0.0028,0.0022,0.0018,0.015,0.0111,0.0098,0.0092,0.0088,-0.057,0.0059,-0.0149
Mercer Superannuation (Australia) Limited,Mercer Super Trust,Mercer Santos MySuper,,Single strategy,25047417,0.47,249056,0.76,0.0752,-7.00E-04,-0.003,0.0731,0.0866,-0.0067,-0.0031,0.0848,0.0073,0.0032,0.0019,0.0012,8.00E-04,0.0157,0.0116,0.0103,0.0096,0.0092,0.021,-0.029,-0.0552
Mercer Superannuation (Australia) Limited,Mercer Super Trust,Mercer SmartPath,,Lifecycle,25047417,0.47,249056,,,,,,,,,,,,,,,,,,,,0.021,-0.029,-0.0552
Mercer Superannuation (Australia) Limited,Mercer Super Trust,Mercer SmartPath,2004 to 2008,,,,,,,,,,,,,,0.0147,0.0095,0.0077,0.0069,0.0063,0.0242,0.019,0.0172,0.0164,0.0158,,,
Mercer Superannuation (Australia) Limited,Mercer Super Trust,Mercer SmartPath,1999 to 2003,,,,,0.88,0.0783,-0.0047,-0.0086,0.071,0.0959,-0.0098,-0.007,0.0885,0.0147,0.0095,0.0077,0.0069,0.0063,0.0242,0.019,0.0172,0.0164,0.0158,,,
Mercer Superannuation (Australia) Limited,Mercer Super Trust,Mercer SmartPath,1994 to 1998,,,,,0.88,0.0817,-0.0013,-0.0052,0.0744,0.0992,-0.0065,-0.0037,0.0918,0.0147,0.0095,0.0077,0.0069,0.0063,0.0242,0.019,0.0172,0.0164,0.0158,,,
Mercer Superannuation (Australia) Limited,Mercer Super Trust,Mercer SmartPath,1989 to 1993,,,,,0.88,0.0813,-0.0017,-0.0056,0.074,0.0989,-0.0068,-0.004,0.0915,0.0147,0.0095,0.0077,0.0069,0.0063,0.0242,0.019,0.0172,0.0164,0.0158,,,
Mercer Superannuation (Australia) Limited,Mercer Super Trust,Mercer SmartPath,1984 to 1988,,,,,0.88,0.0831,1.00E-04,-0.0038,0.0758,0.1002,-0.0055,-0.0027,0.0928,0.0147,0.0095,0.0077,0.0069,0.0063,0.0238,0.0186,0.0168,0.016,0.0154,,,
Mercer Superannuation (Australia) Limited,Mercer Super Trust,Mercer SmartPath,1979 to 1983,,,,,0.88,0.0827,-3.00E-04,-0.0042,0.0754,0.1002,-0.0055,-0.0027,0.0928,0.0147,0.0095,0.0077,0.0069,0.0063,0.0237,0.0185,0.0167,0.0159,0.0153,,,
Mercer Superannuation (Australia) Limited,Mercer Super Trust,Mercer SmartPath,1974 to 1978,,,,,0.88,0.0825,-5.00E-04,-0.0044,0.0752,0.0999,-0.0058,-0.003,0.0925,0.0147,0.0095,0.0077,0.0069,0.0063,0.0236,0.0184,0.0166,0.0158,0.0152,,,
Mercer Superannuation (Australia) Limited,Mercer Super Trust,Mercer SmartPath,1969 to 1973,,,,,0.88,0.0829,-1.00E-04,-0.0043,0.0756,0.1002,-0.0054,-0.0032,0.0928,0.0147,0.0095,0.0077,0.0069,0.0063,0.0237,0.0185,0.0167,0.0159,0.0153,,,
Mercer Superannuation (Australia) Limited,Mercer Super Trust,Mercer SmartPath,1964 to 1968,,,,,0.78,0.0796,1.00E-04,-0.004,0.0723,0.0939,-0.0061,-0.0036,0.0865,0.0147,0.0095,0.0077,0.0069,0.0063,0.0236,0.0184,0.0166,0.0158,0.0152,,,
Mercer Superannuation (Australia) Limited,Mercer Super Trust,Mercer SmartPath,1959 to 1963,,,,,0.67,0.0728,-0.001,-0.0045,0.0655,0.0846,-0.0056,-0.0035,0.0773,0.0147,0.0095,0.0077,0.0069,0.0063,0.0228,0.0176,0.0158,0.015,0.0144,,,
Mercer Superannuation (Australia) Limited,Mercer Super Trust,Mercer SmartPath,1954 to 1958,,,,,0.56,0.0661,-0.0021,-0.0047,0.0588,0.0763,-0.0047,-0.0022,0.069,0.0147,0.0095,0.0077,0.0069,0.0063,0.0217,0.0165,0.0147,0.0139,0.0133,,,
Mercer Superannuation (Australia) Limited,Mercer Super Trust,Mercer SmartPath,1949 to 1953,,,,,0.45,0.0608,-0.0025,-0.0029,0.0535,0.0683,-0.0043,-3.00E-04,0.061,0.0147,0.0095,0.0077,0.0069,0.0063,0.0217,0.0165,0.0147,0.0139,0.0133,,,
Mercer Superannuation (Australia) Limited,Mercer Super Trust,Mercer SmartPath,1944 to 1948,,,,,0.45,0.0575,-0.0033,-0.0029,0.0501,0.065,-0.0034,4.00E-04,0.0576,0.0147,0.0095,0.0077,0.0069,0.0063,0.0227,0.0175,0.0157,0.0149,0.0143,,,
Mercer Superannuation (Australia) Limited,Mercer Super Trust,Mercer SmartPath,1939 to 1943,,,,,0.45,0.0588,-0.0019,-0.0014,0.0515,0.0663,-0.0021,0.0017,0.059,0.0147,0.0095,0.0077,0.0069,0.0063,0.0211,0.0159,0.0141,0.0133,0.0127,,,
Mercer Superannuation (Australia) Limited,Mercer Super Trust,Mercer SmartPath,1934 to 1938,,,,,0.45,0.0588,-0.0015,-9.00E-04,0.0515,0.066,-0.0019,0.0017,0.0586,0.0147,0.0095,0.0077,0.0069,0.0063,0.0211,0.0159,0.0141,0.0133,0.0127,,,
Mercer Superannuation (Australia) Limited,Mercer Super Trust,Mercer SmartPath,1929 to 1933,,,,,0.45,,,,,0.064,-0.0023,8.00E-04,0.0566,0.0147,0.0095,0.0077,0.0069,0.0063,0.0212,0.016,0.0142,0.0134,0.0128,,,
Mercer Superannuation (Australia) Limited,Mercer Super Trust,Mercer SmartPath,Born prior to 1929,,,,,0.45,0.0565,-0.0021,-0.001,0.0491,0.065,0,0.0027,0.0576,0.0147,0.0095,0.0077,0.0069,0.0063,0.0212,0.016,0.0142,0.0134,0.0128,,,
Mercer Superannuation (Australia) Limited,Mercer Super Trust,Mercer Tailored (CRG) MySuper,,Lifecycle,25047417,0.47,249056,,,,,,,,,,,,,,,,,,,,0.021,-0.029,-0.0552
Mercer Superannuation (Australia) Limited,Mercer Super Trust,Mercer Tailored (CRG) MySuper,2004 to 2008,,,,,,,,,,,,,,0.0082,0.0039,0.0024,0.0017,0.0013,0.0177,0.0134,0.0119,0.0112,0.0108,,,
Mercer Superannuation (Australia) Limited,Mercer Super Trust,Mercer Tailored (CRG) MySuper,1999 to 2003,,,,,,,,,,,,,,0.0082,0.0039,0.0024,0.0017,0.0013,0.0177,0.0134,0.0119,0.0112,0.0108,,,
Mercer Superannuation (Australia) Limited,Mercer Super Trust,Mercer Tailored (CRG) MySuper,1994 to 1998,,,,,,,,,,,,,,0.0082,0.0039,0.0024,0.0017,0.0013,0.0177,0.0134,0.0119,0.0112,0.0108,,,
Mercer Superannuation (Australia) Limited,Mercer Super Trust,Mercer Tailored (CRG) MySuper,1989 to 1993,,,,,,,,,,,,,,0.0082,0.0039,0.0024,0.0017,0.0013,0.0177,0.0134,0.0119,0.0112,0.0108,,,
Mercer Superannuation (Australia) Limited,Mercer Super Trust,Mercer Tailored (CRG) MySuper,1984 to 1988,,,,,,,,,,,,,,0.0082,0.0039,0.0024,0.0017,0.0013,0.0173,0.013,0.0115,0.0108,0.0104,,,
Mercer Superannuation (Australia) Limited,Mercer Super Trust,Mercer Tailored (CRG) MySuper,1979 to 1983,,,,,,,,,,,,,,0.0082,0.0039,0.0024,0.0017,0.0013,0.0172,0.0129,0.0114,0.0107,0.0103,,,
Mercer Superannuation (Australia) Limited,Mercer Super Trust,Mercer Tailored (CRG) MySuper,1974 to 1978,,,,,,,,,,,,,,0.0082,0.0039,0.0024,0.0017,0.0013,0.0171,0.0128,0.0113,0.0106,0.0102,,,
Mercer Superannuation (Australia) Limited,Mercer Super Trust,Mercer Tailored (CRG) MySuper,1969 to 1973,,,,,,,,,,,,,,0.0082,0.0039,0.0024,0.0017,0.0013,0.0172,0.0129,0.0114,0.0107,0.0103,,,
Mercer Superannuation (Australia) Limited,Mercer Super Trust,Mercer Tailored (CRG) MySuper,1964 to 1968,,,,,,,,,,,,,,0.0082,0.0039,0.0024,0.0017,0.0013,0.0171,0.0128,0.0113,0.0106,0.0102,,,
Mercer Superannuation (Australia) Limited,Mercer Super Trust,Mercer Tailored (CRG) MySuper,1959 to 1963,,,,,,,,,,,,,,0.0082,0.0039,0.0024,0.0017,0.0013,0.0163,0.012,0.0105,0.0098,0.0094,,,
Mercer Superannuation (Australia) Limited,Mercer Super Trust,Mercer Tailored (CRG) MySuper,1954 to 1958,,,,,,,,,,,,,,0.0082,0.0039,0.0024,0.0017,0.0013,0.0152,0.0109,0.0094,0.0087,0.0083,,,
Mercer Superannuation (Australia) Limited,Mercer Super Trust,Mercer Tailored (CRG) MySuper,1949 to 1953,,,,,,,,,,,,,,0.0082,0.0039,0.0024,0.0017,0.0013,0.0152,0.0109,0.0094,0.0087,0.0083,,,
Mercer Superannuation (Australia) Limited,Mercer Super Trust,Mercer Tailored (CRG) MySuper,1944 to 1948,,,,,,,,,,,,,,0.0082,0.0039,0.0024,0.0017,0.0013,0.0162,0.0119,0.0104,0.0097,0.0093,,,
Mercer Superannuation (Australia) Limited,Mercer Super Trust,Mercer Tailored (CRG) MySuper,1939 to 1943,,,,,,,,,,,,,,0.0082,0.0039,0.0024,0.0017,0.0013,0.0146,0.0103,0.0088,0.0081,0.0077,,,
Mercer Superannuation (Australia) Limited,Mercer Super Trust,Mercer Tailored (CRG) MySuper,1934 to 1938,,,,,,,,,,,,,,0.0082,0.0039,0.0024,0.0017,0.0013,0.0146,0.0103,0.0088,0.0081,0.0077,,,
Mercer Superannuation (Australia) Limited,Mercer Super Trust,Mercer Tailored (CRG) MySuper,1929 to 1933,,,,,,,,,,,,,,0.0082,0.0039,0.0024,0.0017,0.0013,0.0147,0.0104,0.0089,0.0082,0.0078,,,
Mercer Superannuation (Australia) Limited,Mercer Super Trust,Mercer Tailored (CRG) MySuper,Born prior to 1929,,,,,,,,,,,,,,0.0082,0.0039,0.0024,0.0017,0.0013,0.0147,0.0104,0.0089,0.0082,0.0078,,,
Mercer Superannuation (Australia) Limited,Mercer Super Trust,Mercer WGSP MySuper,,Lifecycle,25047417,0.47,249056,,,,,,,,,,,,,,,,,,,,0.021,-0.029,-0.0552
Mercer Superannuation (Australia) Limited,Mercer Super Trust,Mercer WGSP MySuper,2004 to 2008,,,,,,,,,,,,,,0.0082,0.0039,0.0024,0.0017,0.0013,0.0177,0.0134,0.0119,0.0112,0.0108,,,
Mercer Superannuation (Australia) Limited,Mercer Super Trust,Mercer WGSP MySuper,1999 to 2003,,,,,,,,,,,,,,0.0082,0.0039,0.0024,0.0017,0.0013,0.0177,0.0134,0.0119,0.0112,0.0108,,,
Mercer Superannuation (Australia) Limited,Mercer Super Trust,Mercer WGSP MySuper,1994 to 1998,,,,,0.88,0.0817,-0.0013,-0.0052,0.0788,0.0992,-0.0065,-0.0037,0.0963,0.0082,0.0039,0.0024,0.0017,0.0013,0.0177,0.0134,0.0119,0.0112,0.0108,,,
Mercer Superannuation (Australia) Limited,Mercer Super Trust,Mercer WGSP MySuper,1989 to 1993,,,,,0.88,0.0813,-0.0017,-0.0056,0.0784,0.0989,-0.0068,-0.004,0.096,0.0082,0.0039,0.0024,0.0017,0.0013,0.0177,0.0134,0.0119,0.0112,0.0108,,,
Mercer Superannuation (Australia) Limited,Mercer Super Trust,Mercer WGSP MySuper,1984 to 1988,,,,,0.88,0.0831,1.00E-04,-0.0038,0.0801,0.1002,-0.0055,-0.0027,0.0973,0.0082,0.0039,0.0024,0.0017,0.0013,0.0173,0.013,0.0115,0.0108,0.0104,,,
Mercer Superannuation (Australia) Limited,Mercer Super Trust,Mercer WGSP MySuper,1979 to 1983,,,,,0.88,0.0827,-3.00E-04,-0.0042,0.0798,0.1002,-0.0055,-0.0027,0.0973,0.0082,0.0039,0.0024,0.0017,0.0013,0.0172,0.0129,0.0114,0.0107,0.0103,,,
Mercer Superannuation (Australia) Limited,Mercer Super Trust,Mercer WGSP MySuper,1974 to 1978,,,,,0.88,0.0825,-5.00E-04,-0.0044,0.0795,0.0999,-0.0058,-0.003,0.097,0.0082,0.0039,0.0024,0.0017,0.0013,0.0171,0.0128,0.0113,0.0106,0.0102,,,
Mercer Superannuation (Australia) Limited,Mercer Super Trust,Mercer WGSP MySuper,1969 to 1973,,,,,0.88,0.0829,-1.00E-04,-0.0043,0.0799,0.1002,-0.0054,-0.0032,0.0973,0.0082,0.0039,0.0024,0.0017,0.0013,0.0172,0.0129,0.0114,0.0107,0.0103,,,
Mercer Superannuation (Australia) Limited,Mercer Super Trust,Mercer WGSP MySuper,1964 to 1968,,,,,0.78,0.0796,1.00E-04,-0.004,0.0766,0.0939,-0.0061,-0.0036,0.091,0.0082,0.0039,0.0024,0.0017,0.0013,0.0171,0.0128,0.0113,0.0106,0.0102,,,
Mercer Superannuation (Australia) Limited,Mercer Super Trust,Mercer WGSP MySuper,1959 to 1963,,,,,0.67,0.0728,-0.001,-0.0045,0.0698,0.0846,-0.0056,-0.0035,0.0818,0.0082,0.0039,0.0024,0.0017,0.0013,0.0163,0.012,0.0105,0.0098,0.0094,,,
Mercer Superannuation (Australia) Limited,Mercer Super Trust,Mercer WGSP MySuper,1954 to 1958,,,,,0.56,0.0661,-0.0021,-0.0047,0.0631,0.0763,-0.0047,-0.0022,0.0734,0.0082,0.0039,0.0024,0.0017,0.0013,0.0152,0.0109,0.0094,0.0087,0.0083,,,
Mercer Superannuation (Australia) Limited,Mercer Super Trust,Mercer WGSP MySuper,1949 to 1953,,,,,0.45,0.0608,-0.0025,-0.0029,0.0578,0.0683,-0.0043,-3.00E-04,0.0655,0.0082,0.0039,0.0024,0.0017,0.0013,0.0152,0.0109,0.0094,0.0087,0.0083,,,
Mercer Superannuation (Australia) Limited,Mercer Super Trust,Mercer WGSP MySuper,1944 to 1948,,,,,0.45,0.0575,-0.0033,-0.0029,0.0545,0.065,-0.0034,4.00E-04,0.0621,0.0082,0.0039,0.0024,0.0017,0.0013,0.0162,0.0119,0.0104,0.0097,0.0093,,,
Mercer Superannuation (Australia) Limited,Mercer Super Trust,Mercer WGSP MySuper,1939 to 1943,,,,,0.45,0.0588,-0.0019,-0.0014,0.0559,0.0663,-0.0021,0.0017,0.0634,0.0082,0.0039,0.0024,0.0017,0.0013,0.0146,0.0103,0.0088,0.0081,0.0077,,,
Mercer Superannuation (Australia) Limited,Mercer Super Trust,Mercer WGSP MySuper,1934 to 1938,,,,,0.45,0.0588,-0.0015,-9.00E-04,0.0558,0.066,-0.0019,0.0017,0.0631,0.0082,0.0039,0.0024,0.0017,0.0013,0.0146,0.0103,0.0088,0.0081,0.0077,,,
Mercer Superannuation (Australia) Limited,Mercer Super Trust,Mercer WGSP MySuper,1929 to 1933,,,,,,,,,,,,,,0.0082,0.0039,0.0024,0.0017,0.0013,0.0147,0.0104,0.0089,0.0082,0.0078,,,
Mercer Superannuation (Australia) Limited,Mercer Super Trust,Mercer WGSP MySuper,Born prior to 1929,,,,,,,,,,,,,,0.0082,0.0039,0.0024,0.0017,0.0013,0.0147,0.0104,0.0089,0.0082,0.0078,,,
Mercer Superannuation (Australia) Limited,Mercer Super Trust,Virgin Money MySuper,,Lifecycle,25047417,0.47,249056,,,,,,,,,,,,,,,,,,,,0.021,-0.029,-0.0552
Mercer Superannuation (Australia) Limited,Mercer Super Trust,Virgin Money MySuper,2014 TO 2018,,,,,,,,,,,,,,0.0097,0.0063,0.0051,0.0045,0.0042,0.0118,0.0083,0.0072,0.0066,0.0062,,,
Mercer Superannuation (Australia) Limited,Mercer Super Trust,Virgin Money MySuper,2009 TO 2013,,,,,,,,,,,,,,0.0097,0.0063,0.0051,0.0045,0.0042,0.0118,0.0083,0.0072,0.0066,0.0062,,,
Mercer Superannuation (Australia) Limited,Mercer Super Trust,Virgin Money MySuper,2004 TO 2008,,,,,,,,,,,,,,0.0097,0.0063,0.0051,0.0045,0.0042,0.0118,0.0083,0.0072,0.0066,0.0062,,,
Mercer Superannuation (Australia) Limited,Mercer Super Trust,Virgin Money MySuper,1999 TO 2003,,,,,,,,,,,,,,0.0097,0.0063,0.0051,0.0045,0.0042,0.0118,0.0083,0.0072,0.0066,0.0062,,,
Mercer Superannuation (Australia) Limited,Mercer Super Trust,Virgin Money MySuper,1994 TO 1998,,,,,,,,,,,,,,0.0097,0.0063,0.0051,0.0045,0.0042,0.0118,0.0083,0.0072,0.0066,0.0062,,,
Mercer Superannuation (Australia) Limited,Mercer Super Trust,Virgin Money MySuper,1989 TO 1993,,,,,,,,,,,,,,0.0097,0.0063,0.0051,0.0045,0.0042,0.0118,0.0083,0.0072,0.0066,0.0062,,,
Mercer Superannuation (Australia) Limited,Mercer Super Trust,Virgin Money MySuper,1984 TO 1988,,,,,,,,,,,,,,0.0097,0.0063,0.0051,0.0045,0.0042,0.0118,0.0083,0.0072,0.0066,0.0062,,,
Mercer Superannuation (Australia) Limited,Mercer Super Trust,Virgin Money MySuper,1979 TO 1983,,,,,,,,,,,,,,0.0097,0.0063,0.0051,0.0045,0.0042,0.0118,0.0083,0.0072,0.0066,0.0062,,,
Mercer Superannuation (Australia) Limited,Mercer Super Trust,Virgin Money MySuper,1974 TO 1978,,,,,,,,,,,,,,0.0097,0.0063,0.0051,0.0045,0.0042,0.0118,0.0083,0.0072,0.0066,0.0062,,,
Mercer Superannuation (Australia) Limited,Mercer Super Trust,Virgin Money MySuper,1969 TO 1973,,,,,,,,,,,,,,0.0097,0.0063,0.0051,0.0045,0.0042,0.0118,0.0083,0.0072,0.0066,0.0062,,,
Mercer Superannuation (Australia) Limited,Mercer Super Trust,Virgin Money MySuper,1964 TO 1968,,,,,,,,,,,,,,0.0097,0.0063,0.0051,0.0045,0.0042,0.0118,0.0083,0.0072,0.0066,0.0062,,,
Mercer Superannuation (Australia) Limited,Mercer Super Trust,Virgin Money MySuper,1959 TO 1963,,,,,,,,,,,,,,0.0097,0.0063,0.0051,0.0045,0.0042,0.0118,0.0083,0.0072,0.0066,0.0062,,,
Mercer Superannuation (Australia) Limited,Mercer Super Trust,Virgin Money MySuper,1954 TO 1958,,,,,,,,,,,,,,0.0097,0.0063,0.0051,0.0045,0.0042,0.0118,0.0083,0.0072,0.0066,0.0062,,,
Mercer Superannuation (Australia) Limited,Mercer Super Trust,Virgin Money MySuper,1949 TO 1953,,,,,,,,,,,,,,0.0097,0.0063,0.0051,0.0045,0.0042,0.0118,0.0083,0.0072,0.0066,0.0062,,,
Mercer Superannuation (Australia) Limited,Mercer Super Trust,Virgin Money MySuper,BORN PRIOR TO 1949,,,,,,,,,,,,,,0.0097,0.0063,0.0051,0.0045,0.0042,0.0118,0.0083,0.0072,0.0066,0.0062,,,
Mercy Super Pty Ltd,Mercy Super,MySuper Balanced,,Single strategy,1414121,0.76,13659,0.73,0.0875,0.0098,0.0032,0.083,0.1042,0.0078,0.012,0.0999,0.0087,0.0053,0.0041,0.0036,0.0024,0.0178,0.0143,0.0132,0.0126,0.0115,0.0163,0.0291,-0.0111
Motor Trades Association of Australia Superannuation Fund Pty. Limited,MTAA Superannuation Fund,My AutoSuper,,Single strategy,12556611,0.84,204702,0.81,0.0908,0.012,0.0135,0.0876,0.0934,-0.0054,0.0063,0.0903,0.0093,0.0046,0.0031,0.0023,0.0018,0.0151,0.0104,0.0089,0.0081,0.0076,-0.0613,0.0184,-0.0203
N. M. Superannuation Proprietary Limited,Super Directions Fund,AMP MySuper No.3,,Lifecycle,3278918,0.36,186212,,,,,,,,,,,,,,,,,,,,-0.1735,-0.0966,-0.1036
N. M. Superannuation Proprietary Limited,Super Directions Fund,AMP MySuper No.3,AMP SDF MySuper 1990s,,,,,0.85,0.0825,-0.0017,-0.0075,0.0754,0.0978,-0.0099,-0.0089,0.0911,0.012,0.0065,0.0047,0.0038,0.0033,0.0186,0.0131,0.0113,0.0104,0.0099,,,
N. M. Superannuation Proprietary Limited,Super Directions Fund,AMP MySuper No.3,AMP SDF MySuper 1980s,,,,,0.85,0.084,-2.00E-04,-0.0029,0.0769,0.1007,-0.0069,-9.00E-04,0.094,0.012,0.0065,0.0047,0.0038,0.0033,0.0191,0.0136,0.0118,0.0109,0.0104,,,
N. M. Superannuation Proprietary Limited,Super Directions Fund,AMP MySuper No.3,AMP SDF MySuper 1970s,,,,,0.8,0.081,-8.00E-04,-0.0061,0.0739,0.0964,-0.0071,-0.0056,0.0897,0.012,0.0065,0.0047,0.0038,0.0033,0.0192,0.0137,0.0119,0.011,0.0105,,,
N. M. Superannuation Proprietary Limited,Super Directions Fund,AMP MySuper No.3,AMP SDF MySuper 1960s,,,,,0.6,0.066,-0.0045,-0.0081,0.0589,0.0766,-0.0073,-0.0055,0.0699,0.012,0.0065,0.0047,0.0038,0.0033,0.0188,0.0133,0.0115,0.0106,0.0101,,,
N. M. Superannuation Proprietary Limited,Super Directions Fund,AMP MySuper No.3,AMP SDF MySuper 1950s,,,,,0.48,0.0547,-0.0091,-0.0106,0.0476,0.0631,-0.0097,-0.007,0.0563,0.012,0.0065,0.0047,0.0038,0.0033,0.018,0.0125,0.0107,0.0098,0.0093,,,
N. M. Superannuation Proprietary Limited,Super Directions Fund,AMP MySuper No.3,AMP SDF MySuper Capital Stable,,,,,0.45,0.0512,-0.0098,-0.0087,0.0441,0.0576,-0.0103,-0.0039,0.0509,0.012,0.0065,0.0047,0.0038,0.0033,0.0181,0.0126,0.0108,0.0099,0.0094,,,
NESS Super Pty Ltd,NESS Super,NESS MySuper,,Single strategy,824233,0.83,13360,0.72,0.0748,-0.0022,-0.0063,0.0721,0.0851,-0.01,-0.0083,0.0824,0.0086,0.0042,0.0028,0.002,0.0016,0.017,0.0126,0.0112,0.0104,0.01,-0.0266,0.0183,-0.0331
NGS Super Pty Limited,NGS Super,Diversified (MySuper),,Single strategy,11425666,0.64,117824,0.71,0.0821,0.0057,5.00E-04,0.0798,0.0955,0.001,0.0025,0.0932,0.0075,0.0036,0.0023,0.0017,0.0013,0.0175,0.0136,0.0123,0.0117,0.0113,-0.0096,0.0162,-0.0113
Nulis Nominees (Australia) Limited,MLC Super Fund,MySuper,,Lifecycle,81096472,0.35,1180621,,,,,,,,,,,,,,,,,,,,-0.022,-0.044,-0.0526
Nulis Nominees (Australia) Limited,MLC Super Fund,MySuper,MySuper Under 55,,,,,,,,,,,,,,0.0129,0.0082,0.0067,0.0059,0.0054,0.0207,0.016,0.0145,0.0137,0.0132,,,
Nulis Nominees (Australia) Limited,MLC Super Fund,MySuper,MySuper Age 55,,,,,,,,,,,,,,0.0129,0.0082,0.0067,0.0059,0.0054,0.0207,0.016,0.0145,0.0137,0.0132,,,
Nulis Nominees (Australia) Limited,MLC Super Fund,MySuper,MySuper Age 56,,,,,,,,,,,,,,0.0129,0.0082,0.0067,0.0059,0.0054,0.0207,0.016,0.0145,0.0137,0.0132,,,
Nulis Nominees (Australia) Limited,MLC Super Fund,MySuper,MySuper Age 57,,,,,,,,,,,,,,0.0129,0.0082,0.0067,0.0059,0.0054,0.0207,0.016,0.0145,0.0137,0.0132,,,
Nulis Nominees (Australia) Limited,MLC Super Fund,MySuper,MySuper Age 58,,,,,,,,,,,,,,0.0129,0.0082,0.0067,0.0059,0.0054,0.0207,0.016,0.0145,0.0137,0.0132,,,
Nulis Nominees (Australia) Limited,MLC Super Fund,MySuper,MySuper Age 59,,,,,,,,,,,,,,0.0129,0.0082,0.0067,0.0059,0.0054,0.0207,0.016,0.0145,0.0137,0.0132,,,
Nulis Nominees (Australia) Limited,MLC Super Fund,MySuper,MySuper Age 60,,,,,,,,,,,,,,0.0129,0.0082,0.0067,0.0059,0.0054,0.0207,0.016,0.0145,0.0137,0.0132,,,
Nulis Nominees (Australia) Limited,MLC Super Fund,MySuper,MySuper Age 61,,,,,,,,,,,,,,0.0129,0.0082,0.0067,0.0059,0.0054,0.0207,0.016,0.0145,0.0137,0.0132,,,
Nulis Nominees (Australia) Limited,MLC Super Fund,MySuper,MySuper Age 62,,,,,,,,,,,,,,0.0129,0.0082,0.0067,0.0059,0.0054,0.0207,0.016,0.0145,0.0137,0.0132,,,
Nulis Nominees (Australia) Limited,MLC Super Fund,MySuper,MySuper Age 63,,,,,,,,,,,,,,0.0129,0.0082,0.0067,0.0059,0.0054,0.0206,0.0159,0.0144,0.0136,0.0131,,,
Nulis Nominees (Australia) Limited,MLC Super Fund,MySuper,MySuper Age 64,,,,,,,,,,,,,,0.0129,0.0082,0.0067,0.0059,0.0054,0.0204,0.0157,0.0142,0.0134,0.0129,,,
Nulis Nominees (Australia) Limited,MLC Super Fund,MySuper,MySuper 65 and Over,,,,,,,,,,,,,,0.0129,0.0082,0.0067,0.0059,0.0054,0.0204,0.0157,0.0142,0.0134,0.0129,,,
Nulis Nominees (Australia) Limited,MLC Super Fund,NAB Staff MySuper,,Single strategy,81096472,0.35,1180621,0.73,,,,,0.0928,-0.0051,-9.00E-04,0.0912,0.0082,0.0035,0.002,0.0012,7.00E-04,0.0174,0.0127,0.0112,0.0104,0.0099,-0.022,-0.044,-0.0526
OnePath Custodians Pty Limited,Retirement Portfolio Service,ANZ Smart Choice Super for employers and their employees,,Lifecycle,38782084,0.27,919797,,,,,,,,,,,,,,,,,,,,-0.0152,-0.0594,-0.0609
OnePath Custodians Pty Limited,Retirement Portfolio Service,ANZ Smart Choice Super for employers and their employees,ANZ SMART CHOICE SUPER 2000S,,,,,,,,,,,,,,0.005,0.002,0.001,5.00E-04,2.00E-04,0.01,0.007,0.006,0.0055,0.0052,,,
OnePath Custodians Pty Limited,Retirement Portfolio Service,ANZ Smart Choice Super for employers and their employees,ANZ SMART CHOICE SUPER 1990S,,,,,0.9,0.0863,-4.00E-04,-0.0015,0.0854,0.1016,-0.0105,-0.0069,0.1007,0.005,0.002,0.001,5.00E-04,2.00E-04,0.01,0.007,0.006,0.0055,0.0052,,,
OnePath Custodians Pty Limited,Retirement Portfolio Service,ANZ Smart Choice Super for employers and their employees,ANZ SMART CHOICE SUPER 1980S,,,,,0.89,0.0856,-1.00E-04,-0.0014,0.0848,0.1002,-0.0099,-0.0065,0.0994,0.005,0.002,0.001,5.00E-04,2.00E-04,0.0101,0.0071,0.0061,0.0056,0.0053,,,
OnePath Custodians Pty Limited,Retirement Portfolio Service,ANZ Smart Choice Super for employers and their employees,ANZ SMART CHOICE SUPER 1970S,,,,,0.82,0.0807,-0.0013,-0.002,0.0799,0.0935,-0.0102,-0.0065,0.0927,0.005,0.002,0.001,5.00E-04,2.00E-04,0.0101,0.0071,0.0061,0.0056,0.0053,,,
OnePath Custodians Pty Limited,Retirement Portfolio Service,ANZ Smart Choice Super for employers and their employees,ANZ SMART CHOICE SUPER 1960S,,,,,0.69,0.0718,-0.0028,-0.0027,0.071,0.0796,-0.011,-0.0071,0.0788,0.005,0.002,0.001,5.00E-04,2.00E-04,0.0102,0.0072,0.0062,0.0057,0.0054,,,
OnePath Custodians Pty Limited,Retirement Portfolio Service,ANZ Smart Choice Super for employers and their employees,ANZ SMART CHOICE SUPER 1950S,,,,,0.49,0.0601,-0.0036,-0.0028,0.0593,0.0621,-0.01,-0.0069,0.0613,0.005,0.002,0.001,5.00E-04,2.00E-04,0.0102,0.0072,0.0062,0.0057,0.0054,,,
OnePath Custodians Pty Limited,Retirement Portfolio Service,ANZ Smart Choice Super for employers and their employees,ANZ SMART CHOICE SUPER 1940S,,,,,0.41,0.0487,-0.0055,-0.0024,0.0479,0.0516,-0.0046,-0.0039,0.0507,0.005,0.002,0.001,5.00E-04,2.00E-04,0.0103,0.0073,0.0063,0.0058,0.0055,,,
OnePath Custodians Pty Limited,Retirement Portfolio Service,ANZ Smart Choice Super for QBE Management Services Pty Ltd and their employees,,Lifecycle,38782084,0.27,919797,,,,,,,,,,,,,,,,,,,,-0.0152,-0.0594,-0.0609
OnePath Custodians Pty Limited,Retirement Portfolio Service,ANZ Smart Choice Super for QBE Management Services Pty Ltd and their employees,ANZ SMART CHOICE SUPER 2000S,,,,,,,,,,,,,,0.005,0.002,0.001,5.00E-04,2.00E-04,0.0094,0.0064,0.0054,0.0049,0.0046,,,
OnePath Custodians Pty Limited,Retirement Portfolio Service,ANZ Smart Choice Super for QBE Management Services Pty Ltd and their employees,ANZ SMART CHOICE SUPER 1990S,,,,,0.9,,,,,0.1022,-0.0099,-0.0063,0.1013,0.005,0.002,0.001,5.00E-04,2.00E-04,0.0094,0.0064,0.0054,0.0049,0.0046,,,
OnePath Custodians Pty Limited,Retirement Portfolio Service,ANZ Smart Choice Super for QBE Management Services Pty Ltd and their employees,ANZ SMART CHOICE SUPER 1980S,,,,,0.89,,,,,0.1008,-0.0093,-0.0059,0.1,0.005,0.002,0.001,5.00E-04,2.00E-04,0.0095,0.0065,0.0055,0.005,0.0047,,,
OnePath Custodians Pty Limited,Retirement Portfolio Service,ANZ Smart Choice Super for QBE Management Services Pty Ltd and their employees,ANZ SMART CHOICE SUPER 1970S,,,,,0.82,,,,,0.0941,-0.0096,-0.0059,0.0933,0.005,0.002,0.001,5.00E-04,2.00E-04,0.0095,0.0065,0.0055,0.005,0.0047,,,
OnePath Custodians Pty Limited,Retirement Portfolio Service,ANZ Smart Choice Super for QBE Management Services Pty Ltd and their employees,ANZ SMART CHOICE SUPER 1960S,,,,,0.69,,,,,0.0802,-0.0105,-0.0066,0.0793,0.005,0.002,0.001,5.00E-04,2.00E-04,0.0096,0.0066,0.0056,0.0051,0.0048,,,
OnePath Custodians Pty Limited,Retirement Portfolio Service,ANZ Smart Choice Super for QBE Management Services Pty Ltd and their employees,ANZ SMART CHOICE SUPER 1950S,,,,,0.49,,,,,0.0626,-0.0095,-0.0064,0.0618,0.005,0.002,0.001,5.00E-04,2.00E-04,0.0096,0.0066,0.0056,0.0051,0.0048,,,
OnePath Custodians Pty Limited,Retirement Portfolio Service,ANZ Smart Choice Super for QBE Management Services Pty Ltd and their employees,ANZ SMART CHOICE SUPER 1940S,,,,,0.41,,,,,0.0521,-0.0041,-0.0034,0.0512,0.005,0.002,0.001,5.00E-04,2.00E-04,0.0097,0.0067,0.0057,0.0052,0.0049,,,
Perpetual Superannuation Limited,Perpetual's Select Superannuation Fund,Perpetual MySuper,,Single strategy,1456393,0.15,14142,0.71,0.0677,-0.0088,-0.0132,0.0627,0.0828,-0.0113,-0.0092,0.076,0.009,0.0054,0.0042,0.0036,0.0032,0.0161,0.0125,0.0113,0.0107,0.0103,-0.0594,-0.0828,-0.0665
Pitcher Retirement Plan Pty Ltd,Pitcher Retirement Plan,Pitcher Retirement Plan MySuper,,Single strategy,88243,0.37,1034,0.49,0.0585,-0.0069,-0.0074,0.0506,0.0534,-0.0226,-0.0168,0.0457,0.0173,0.0108,0.0087,0.0076,0.0069,0.0279,0.0214,0.0193,0.0182,0.0175,-0.0212,-0.0024,-0.0653
PostSuper Pty Ltd,Australia Post Superannuation Scheme,BALANCED,,Single strategy,7932232,0.23,31577,,,,,,,,,,0.009,0.0043,0.0028,0.002,0.0015,0.0185,0.0138,0.0123,0.0115,0.011,-0.0544,-0.0431,-0.0377
Prime Super Pty Ltd,Prime Super,MySuper,,Single strategy,5143671,0.89,131615,0.66,0.0853,0.0111,0.0084,0.0789,0.0921,0.0017,0.0072,0.0858,0.0138,0.0091,0.0075,0.0067,0.0027,0.0184,0.0137,0.0121,0.0113,0.0073,0.0064,0.0238,-0.0196
Qantas Superannuation Limited,Qantas Superannuation Plan,Glidepath,,Lifecycle,8380850,0.18,31174,,,,,,,,,,,,,,,,,,,,-0.0044,-0.0126,-0.0296
Qantas Superannuation Limited,Qantas Superannuation Plan,Glidepath,Take Off,,,,,0.87,,,,,0.1037,-0.0056,-8.00E-04,0.0988,0.0122,0.0063,0.0044,0.0034,0.0028,0.0233,0.0174,0.0155,0.0145,0.0139,,,
Qantas Superannuation Limited,Qantas Superannuation Plan,Glidepath,Altitude,,,,,0.7,,,,,0.0899,-0.0034,-5.00E-04,0.085,0.0122,0.0063,0.0044,0.0034,0.0028,0.0224,0.0165,0.0146,0.0136,0.013,,,
Qantas Superannuation Limited,Qantas Superannuation Plan,Glidepath,Cruising,,,,,0.61,,,,,0.0834,-0.0016,6.00E-04,0.0784,0.0122,0.0063,0.0044,0.0034,0.0028,0.0216,0.0157,0.0138,0.0128,0.0122,,,
Qantas Superannuation Limited,Qantas Superannuation Plan,Glidepath,Destination,,,,,0.51,,,,,0.0722,-0.0039,-0.0018,0.0672,0.0122,0.0063,0.0044,0.0034,0.0028,0.0209,0.015,0.0131,0.0121,0.0115,,,
QSuper Board,QSuper,QSuper Lifetime,,Lifecycle,113328933,0.48,588434,,,,,,,,,,,,,,,,,,,,0.0203,0.0385,0.0065
QSuper Board,QSuper,QSuper Lifetime,Outlook,,,,,0.65,0.0965,0.0217,0.0226,0.0947,0.0881,-0.0026,0.0063,0.0865,0.0016,0.0016,0.0016,0.0016,0.0016,0.0093,0.0093,0.0093,0.0093,0.0093,,,
QSuper Board,QSuper,QSuper Lifetime,Aspire 1 Group,,,,,0.65,0.0977,0.023,0.0235,0.096,0.0897,-0.0011,0.0071,0.088,0.0016,0.0016,0.0016,0.0016,0.0016,0.0079,0.0079,0.0079,0.0079,0.0079,,,
QSuper Board,QSuper,QSuper Lifetime,Aspire 2 Group,,,,,0.52,0.0897,0.0224,0.0224,0.088,0.0806,0.0024,0.0086,0.079,0.0016,0.0016,0.0016,0.0016,0.0016,0.0079,0.0079,0.0079,0.0079,0.0079,,,
QSuper Board,QSuper,QSuper Lifetime,Focus 1 Group,,,,,0.52,0.0862,0.0186,0.0185,0.0845,0.0789,3.00E-04,0.0064,0.0773,0.0016,0.0016,0.0016,0.0016,0.0016,0.0068,0.0068,0.0068,0.0068,0.0068,,,
QSuper Board,QSuper,QSuper Lifetime,Focus 2 Group,,,,,0.45,0.0798,0.0161,0.0157,0.078,0.0728,7.00E-04,0.0057,0.0712,0.0016,0.0016,0.0016,0.0016,0.0016,0.0068,0.0068,0.0068,0.0068,0.0068,,,
QSuper Board,QSuper,QSuper Lifetime,Focus 3 Group,,,,,0.39,0.0731,0.0134,0.0129,0.0714,0.0666,0.001,0.0053,0.065,0.0016,0.0016,0.0016,0.0016,0.0016,0.0068,0.0068,0.0068,0.0068,0.0068,,,
QSuper Board,QSuper,QSuper Lifetime,Sustain Group 1,,,,,0.32,0.0584,0.0023,0.0128,0.0567,0.0535,-0.0059,0.0047,0.0519,0.0016,0.0016,0.0016,0.0016,0.0016,0.005,0.005,0.005,0.005,0.005,,,
QSuper Board,QSuper,QSuper Lifetime,Sustain Group 2,,,,,0.19,0.0415,-0.0069,0.0072,0.0397,0.0376,-0.009,0.0023,0.036,0.0016,0.0016,0.0016,0.0016,0.0016,0.005,0.005,0.005,0.005,0.005,,,
Rei Superannuation Fund Pty Limited,Rei Super,Balanced,,Single strategy,1692346,0.76,27774,0.73,0.0747,-0.0022,-2.00E-04,0.0715,0.0714,-0.0238,-0.0147,0.0687,0.0111,0.0059,0.0042,0.0034,0.0028,0.0189,0.0137,0.012,0.0112,0.0106,-0.0283,0.0091,-0.0317
Retail Employees Superannuation Pty. Limited,Retail Employees Superannuation Trust,REST Super,,Single strategy,56038459,0.85,2026582,0.67,0.0737,-0.0023,-0.0068,0.0718,0.0858,-0.0079,0.001,0.0839,0.0078,0.0037,0.0024,0.0017,0.0013,0.0154,0.0113,0.01,0.0093,0.0089,0.0124,0.0384,-0.0148
Sandhurst Trustees Limited,The Bendigo Superannuation Plan,Bendigo MySuper,,Lifecycle,1517079,0.18,23039,,,,,,,,,,,,,,,,,,,,0.0777,0.1424,0.1277
Sandhurst Trustees Limited,The Bendigo Superannuation Plan,Bendigo MySuper,Bendigo Growth Index Fund,,,,,0.78,0.0781,-0.0027,-0.0083,0.0765,0.0903,-0.0116,-0.0088,0.0886,0.0098,0.0039,0.002,0.001,4.00E-04,0.0145,0.0086,0.0067,0.0057,0.0051,,,
Sandhurst Trustees Limited,The Bendigo Superannuation Plan,Bendigo MySuper,Bendigo Balanced  Index Fund,,,,,0.58,0.0666,-0.0036,-0.0075,0.0649,0.0727,-0.0108,-0.0088,0.071,0.0098,0.0039,0.002,0.001,4.00E-04,0.0143,0.0085,0.0065,0.0055,0.0049,,,
Sandhurst Trustees Limited,The Bendigo Superannuation Plan,Bendigo MySuper,Bendigo Conservative Index Fund,,,,,0.38,0.0545,-0.0046,-0.0069,0.0528,0.0556,-0.0091,-0.0081,0.0539,0.0098,0.0039,0.002,0.001,4.00E-04,0.0142,0.0083,0.0063,0.0053,0.0048,,,
SCS Super Pty. Limited,Australian Catholic Superannuation and Retirement Fund,LifetimeOne,,Lifecycle,9165377,0.5,91590,,,,,,,,,,,,,,,,,,,,-0.0084,0.0142,-0.0163
SCS Super Pty. Limited,Australian Catholic Superannuation and Retirement Fund,LifetimeOne,LifetimeOne 40 and below,,,,,,,,,,,,,,0.0103,0.0056,0.0041,0.0033,0.0028,0.0176,0.0129,0.0114,0.0106,0.0101,,,
SCS Super Pty. Limited,Australian Catholic Superannuation and Retirement Fund,LifetimeOne,LifetimeOne 41,,,,,,,,,,,,,,0.0103,0.0056,0.0041,0.0033,0.0028,0.0176,0.0129,0.0114,0.0106,0.0101,,,
SCS Super Pty. Limited,Australian Catholic Superannuation and Retirement Fund,LifetimeOne,LifetimeOne 42,,,,,,,,,,,,,,0.0103,0.0056,0.0041,0.0033,0.0028,0.0177,0.013,0.0115,0.0107,0.0102,,,
SCS Super Pty. Limited,Australian Catholic Superannuation and Retirement Fund,LifetimeOne,LifetimeOne 43,,,,,,,,,,,,,,0.0103,0.0056,0.0041,0.0033,0.0028,0.0177,0.013,0.0115,0.0107,0.0102,,,
SCS Super Pty. Limited,Australian Catholic Superannuation and Retirement Fund,LifetimeOne,LifetimeOne 44,,,,,,,,,,,,,,0.0103,0.0056,0.0041,0.0033,0.0028,0.0178,0.0131,0.0116,0.0108,0.0103,,,
SCS Super Pty. Limited,Australian Catholic Superannuation and Retirement Fund,LifetimeOne,LifetimeOne 45,,,,,,,,,,,,,,0.0103,0.0056,0.0041,0.0033,0.0028,0.0178,0.0131,0.0116,0.0108,0.0103,,,
SCS Super Pty. Limited,Australian Catholic Superannuation and Retirement Fund,LifetimeOne,LifetimeOne 46,,,,,,,,,,,,,,0.0103,0.0056,0.0041,0.0033,0.0028,0.0178,0.0131,0.0116,0.0108,0.0103,,,
SCS Super Pty. Limited,Australian Catholic Superannuation and Retirement Fund,LifetimeOne,LifetimeOne 47,,,,,,,,,,,,,,0.0103,0.0056,0.0041,0.0033,0.0028,0.0179,0.0132,0.0117,0.0109,0.0104,,,
SCS Super Pty. Limited,Australian Catholic Superannuation and Retirement Fund,LifetimeOne,LifetimeOne 48,,,,,,,,,,,,,,0.0103,0.0056,0.0041,0.0033,0.0028,0.0179,0.0132,0.0117,0.0109,0.0104,,,
SCS Super Pty. Limited,Australian Catholic Superannuation and Retirement Fund,LifetimeOne,LifetimeOne 49,,,,,,,,,,,,,,0.0103,0.0056,0.0041,0.0033,0.0028,0.018,0.0133,0.0118,0.011,0.0105,,,
SCS Super Pty. Limited,Australian Catholic Superannuation and Retirement Fund,LifetimeOne,LifetimeOne 50,,,,,,,,,,,,,,0.0103,0.0056,0.0041,0.0033,0.0028,0.018,0.0133,0.0118,0.011,0.0105,,,
SCS Super Pty. Limited,Australian Catholic Superannuation and Retirement Fund,LifetimeOne,LifetimeOne 51,,,,,,,,,,,,,,0.0103,0.0056,0.0041,0.0033,0.0028,0.018,0.0133,0.0118,0.011,0.0105,,,
SCS Super Pty. Limited,Australian Catholic Superannuation and Retirement Fund,LifetimeOne,LifetimeOne 52,,,,,,,,,,,,,,0.0103,0.0056,0.0041,0.0033,0.0028,0.0181,0.0134,0.0119,0.0111,0.0106,,,
SCS Super Pty. Limited,Australian Catholic Superannuation and Retirement Fund,LifetimeOne,LifetimeOne 53,,,,,,,,,,,,,,0.0103,0.0056,0.0041,0.0033,0.0028,0.0181,0.0134,0.0119,0.0111,0.0106,,,
SCS Super Pty. Limited,Australian Catholic Superannuation and Retirement Fund,LifetimeOne,LifetimeOne 54,,,,,,,,,,,,,,0.0103,0.0056,0.0041,0.0033,0.0028,0.0181,0.0134,0.0119,0.0111,0.0106,,,
SCS Super Pty. Limited,Australian Catholic Superannuation and Retirement Fund,LifetimeOne,LifetimeOne 55,,,,,,,,,,,,,,0.0103,0.0056,0.0041,0.0033,0.0028,0.0182,0.0135,0.012,0.0112,0.0107,,,
SCS Super Pty. Limited,Australian Catholic Superannuation and Retirement Fund,LifetimeOne,LifetimeOne 56,,,,,,,,,,,,,,0.0103,0.0056,0.0041,0.0033,0.0028,0.0182,0.0135,0.012,0.0112,0.0107,,,
SCS Super Pty. Limited,Australian Catholic Superannuation and Retirement Fund,LifetimeOne,LifetimeOne 57,,,,,,,,,,,,,,0.0103,0.0056,0.0041,0.0033,0.0028,0.0182,0.0135,0.012,0.0112,0.0107,,,
SCS Super Pty. Limited,Australian Catholic Superannuation and Retirement Fund,LifetimeOne,LifetimeOne 58,,,,,,,,,,,,,,0.0103,0.0056,0.0041,0.0033,0.0028,0.0182,0.0135,0.012,0.0112,0.0107,,,
SCS Super Pty. Limited,Australian Catholic Superannuation and Retirement Fund,LifetimeOne,LifetimeOne 59,,,,,,,,,,,,,,0.0103,0.0056,0.0041,0.0033,0.0028,0.0183,0.0136,0.0121,0.0113,0.0108,,,
SCS Super Pty. Limited,Australian Catholic Superannuation and Retirement Fund,LifetimeOne,LifetimeOne 60,,,,,,,,,,,,,,0.0103,0.0056,0.0041,0.0033,0.0028,0.0183,0.0136,0.0121,0.0113,0.0108,,,
SCS Super Pty. Limited,Australian Catholic Superannuation and Retirement Fund,LifetimeOne,LifetimeOne 61,,,,,,,,,,,,,,0.0103,0.0056,0.0041,0.0033,0.0028,0.0182,0.0135,0.012,0.0112,0.0107,,,
SCS Super Pty. Limited,Australian Catholic Superannuation and Retirement Fund,LifetimeOne,LifetimeOne 62,,,,,,,,,,,,,,0.0103,0.0056,0.0041,0.0033,0.0028,0.0182,0.0135,0.012,0.0112,0.0107,,,
SCS Super Pty. Limited,Australian Catholic Superannuation and Retirement Fund,LifetimeOne,LifetimeOne 63,,,,,,,,,,,,,,0.0103,0.0056,0.0041,0.0033,0.0028,0.0181,0.0134,0.0119,0.0111,0.0106,,,
SCS Super Pty. Limited,Australian Catholic Superannuation and Retirement Fund,LifetimeOne,LifetimeOne 64,,,,,,,,,,,,,,0.0103,0.0056,0.0041,0.0033,0.0028,0.0181,0.0134,0.0119,0.0111,0.0106,,,
SCS Super Pty. Limited,Australian Catholic Superannuation and Retirement Fund,LifetimeOne,LifetimeOne 65,,,,,,,,,,,,,,0.0103,0.0056,0.0041,0.0033,0.0028,0.018,0.0133,0.0118,0.011,0.0105,,,
SCS Super Pty. Limited,Australian Catholic Superannuation and Retirement Fund,LifetimeOne,LifetimeOne 66,,,,,,,,,,,,,,0.0103,0.0056,0.0041,0.0033,0.0028,0.0179,0.0132,0.0117,0.0109,0.0104,,,
SCS Super Pty. Limited,Australian Catholic Superannuation and Retirement Fund,LifetimeOne,LifetimeOne 67,,,,,,,,,,,,,,0.0103,0.0056,0.0041,0.0033,0.0028,0.0179,0.0132,0.0117,0.0109,0.0104,,,
SCS Super Pty. Limited,Australian Catholic Superannuation and Retirement Fund,LifetimeOne,LifetimeOne 68,,,,,,,,,,,,,,0.0103,0.0056,0.0041,0.0033,0.0028,0.0178,0.0131,0.0116,0.0108,0.0103,,,
SCS Super Pty. Limited,Australian Catholic Superannuation and Retirement Fund,LifetimeOne,LifetimeOne 69,,,,,,,,,,,,,,0.0103,0.0056,0.0041,0.0033,0.0028,0.0178,0.0131,0.0116,0.0108,0.0103,,,
SCS Super Pty. Limited,Australian Catholic Superannuation and Retirement Fund,LifetimeOne,LifetimeOne 70 and above,,,,,,,,,,,,,,0.0103,0.0056,0.0041,0.0033,0.0028,0.0177,0.013,0.0115,0.0107,0.0102,,,
Statewide Superannuation Pty Ltd,Statewide Superannuation Trust,Statewide MySuper,,Single strategy,9755355,0.63,161648,0.8,0.0923,0.013,0.0127,0.0901,0.0986,-0.0026,0.0051,0.0964,0.0084,0.0037,0.0022,0.0014,9.00E-04,0.0197,0.015,0.0135,0.0127,0.0122,-0.0182,0.0275,0.0036
Suncorp Portfolio Services Limited,Suncorp Master Trust,Suncorp Lifestage Funds,,Lifecycle,6910591,0.26,202219,,,,,,,,,,,,,,,,,,,,-0.0412,-0.0619,-0.0597
Suncorp Portfolio Services Limited,Suncorp Master Trust,Suncorp Lifestage Funds,SUNCORP LIFESTAGE FUND 2000_2009,,,,,0.9,,,,,0.0819,-0.0302,-0.0214,0.0746,0.0168,0.0113,0.0094,0.0085,0.008,0.0191,0.0136,0.0117,0.0108,0.0103,,,
Suncorp Portfolio Services Limited,Suncorp Master Trust,Suncorp Lifestage Funds,Suncorp Lifestage Fund 1995_1999,,,,,0.9,0.0905,0.0038,-0.003,0.0831,0.0822,-0.0299,-0.0205,0.0748,0.0168,0.0113,0.0094,0.0085,0.008,0.0191,0.0136,0.0117,0.0108,0.0103,,,
Suncorp Portfolio Services Limited,Suncorp Master Trust,Suncorp Lifestage Funds,Suncorp Lifestage Fund 1990_1994,,,,,0.9,0.0905,0.004,-0.0019,0.0832,0.0829,-0.0288,-0.0189,0.0756,0.0168,0.0113,0.0094,0.0085,0.008,0.0191,0.0136,0.0117,0.0108,0.0103,,,
Suncorp Portfolio Services Limited,Suncorp Master Trust,Suncorp Lifestage Funds,Suncorp Lifestage Fund 1985_1989,,,,,0.9,0.0895,0.0035,-0.0018,0.0821,0.0816,-0.029,-0.0187,0.0743,0.0168,0.0113,0.0094,0.0085,0.008,0.0191,0.0136,0.0117,0.0108,0.0103,,,
Suncorp Portfolio Services Limited,Suncorp Master Trust,Suncorp Lifestage Funds,Suncorp Lifestage Fund 1980_1984,,,,,0.9,0.0881,0.0032,-0.002,0.0807,0.0799,-0.029,-0.0184,0.0726,0.0168,0.0113,0.0094,0.0085,0.008,0.0191,0.0136,0.0117,0.0108,0.0103,,,
Suncorp Portfolio Services Limited,Suncorp Master Trust,Suncorp Lifestage Funds,Suncorp Lifestage Fund 1975_1979,,,,,0.87,0.0857,0.0027,-0.0067,0.0783,0.0773,-0.0281,-0.0175,0.0699,0.0168,0.0113,0.0094,0.0085,0.008,0.0191,0.0136,0.0117,0.0108,0.0103,,,
Suncorp Portfolio Services Limited,Suncorp Master Trust,Suncorp Lifestage Funds,Suncorp Lifestage Fund 1970_1974,,,,,0.81,0.0807,0.0014,-0.0014,0.0733,0.0732,-0.0261,-0.0159,0.0658,0.0168,0.0113,0.0094,0.0085,0.008,0.0191,0.0136,0.0117,0.0108,0.0103,,,
Suncorp Portfolio Services Limited,Suncorp Master Trust,Suncorp Lifestage Funds,Suncorp Lifestage Fund 1965_1969,,,,,0.73,0.0739,-6.00E-04,-0.0021,0.0665,0.0673,-0.0242,-0.0147,0.06,0.0168,0.0113,0.0094,0.0085,0.008,0.0191,0.0136,0.0117,0.0108,0.0103,,,
Suncorp Portfolio Services Limited,Suncorp Master Trust,Suncorp Lifestage Funds,Suncorp Lifestage Fund 1960_1964,,,,,0.63,0.0668,-0.0021,-0.0011,0.0594,0.0613,-0.0212,-0.0126,0.054,0.0168,0.0113,0.0094,0.0085,0.008,0.019,0.0135,0.0116,0.0107,0.0102,,,
Suncorp Portfolio Services Limited,Suncorp Master Trust,Suncorp Lifestage Funds,Suncorp Lifestage Fund 1955_1959,,,,,0.53,0.0608,-0.0029,-0.0018,0.0534,0.0559,-0.0179,-0.01,0.0486,0.0168,0.0113,0.0094,0.0085,0.008,0.019,0.0135,0.0116,0.0107,0.0102,,,
Suncorp Portfolio Services Limited,Suncorp Master Trust,Suncorp Lifestage Funds,Suncorp Lifestage Fund 1950_1954,,,,,0.46,0.0562,-0.0037,-0.0016,0.0488,0.0515,-0.0158,-0.0085,0.0442,0.0168,0.0113,0.0094,0.0085,0.008,0.019,0.0135,0.0116,0.0107,0.0102,,,
Suncorp Portfolio Services Limited,Suncorp Master Trust,Suncorp Lifestage Funds,SUNCORP LIFESTAGE FUND 1949 OR EARLIER,,,,,0.42,0.0534,-0.0041,-0.0015,0.0461,0.0489,-0.0145,-0.0077,0.0415,0.0168,0.0113,0.0094,0.0085,0.008,0.019,0.0135,0.0116,0.0107,0.0102,,,
Sunsuper Pty. Ltd.,Sunsuper Superannuation Fund,Sunsuper for Life,,Lifecycle,68310512,0.59,1613865,,,,,,,,,,,,,,,,,,,,0.0335,0.0491,0.0064
Sunsuper Pty. Ltd.,Sunsuper Superannuation Fund,Sunsuper for Life,Age 54 and under,,,,,0.83,0.0891,0.007,0.0058,0.087,0.105,0.001,0.0097,0.1028,0.0088,0.0041,0.0026,0.0018,0.0013,0.0167,0.012,0.0105,0.0097,0.0092,,,
Sunsuper Pty. Ltd.,Sunsuper Superannuation Fund,Sunsuper for Life,Age 55,,,,,0.81,0.0879,0.0063,0.0051,0.0858,0.1035,5.00E-04,0.0093,0.1013,0.0088,0.0041,0.0026,0.0018,0.0013,0.0167,0.012,0.0105,0.0097,0.0092,,,
Sunsuper Pty. Ltd.,Sunsuper Superannuation Fund,Sunsuper for Life,Age 56,,,,,0.79,0.0854,0.0052,0.0043,0.0833,0.1006,-1.00E-04,0.0089,0.0985,0.0088,0.0041,0.0026,0.0018,0.0013,0.0167,0.012,0.0105,0.0097,0.0092,,,
Sunsuper Pty. Ltd.,Sunsuper Superannuation Fund,Sunsuper for Life,Age 57,,,,,0.76,0.083,0.0037,0.0031,0.0809,0.0978,-0.0011,0.0078,0.0956,0.0088,0.0041,0.0026,0.0018,0.0013,0.0167,0.012,0.0105,0.0097,0.0092,,,
Sunsuper Pty. Ltd.,Sunsuper Superannuation Fund,Sunsuper for Life,Age 58,,,,,0.74,0.0805,0.0026,0.002,0.0784,0.0949,-0.0017,0.0066,0.0927,0.0088,0.0041,0.0026,0.0018,0.0013,0.0167,0.012,0.0105,0.0097,0.0092,,,
Sunsuper Pty. Ltd.,Sunsuper Superannuation Fund,Sunsuper for Life,Age 59,,,,,0.71,0.0781,0.0019,0.0014,0.076,0.092,-0.0017,0.0066,0.0899,0.0088,0.0041,0.0026,0.0018,0.0013,0.0167,0.012,0.0105,0.0097,0.0092,,,
Sunsuper Pty. Ltd.,Sunsuper Superannuation Fund,Sunsuper for Life,Age 60,,,,,0.68,0.0756,6.00E-04,8.00E-04,0.0735,0.0891,-0.0023,0.0062,0.087,0.0088,0.0041,0.0026,0.0018,0.0013,0.0167,0.012,0.0105,0.0097,0.0092,,,
Sunsuper Pty. Ltd.,Sunsuper Superannuation Fund,Sunsuper for Life,Age 61,,,,,0.66,0.0731,-5.00E-04,-3.00E-04,0.071,0.0863,-0.0029,0.0058,0.0841,0.0088,0.0041,0.0026,0.0018,0.0013,0.0167,0.012,0.0105,0.0097,0.0092,,,
Sunsuper Pty. Ltd.,Sunsuper Superannuation Fund,Sunsuper for Life,Age 62,,,,,0.63,0.0707,-0.0016,-8.00E-04,0.0686,0.0834,-0.0035,0.0055,0.0812,0.0088,0.0041,0.0026,0.0018,0.0013,0.0167,0.012,0.0105,0.0097,0.0092,,,
Sunsuper Pty. Ltd.,Sunsuper Superannuation Fund,Sunsuper for Life,Age 63,,,,,0.61,0.0682,-0.0028,-0.0021,0.0661,0.0805,-0.0043,0.004,0.0784,0.0088,0.0041,0.0026,0.0018,0.0013,0.0167,0.012,0.0105,0.0097,0.0092,,,
Sunsuper Pty. Ltd.,Sunsuper Superannuation Fund,Sunsuper for Life,Age 64,,,,,0.58,0.0658,-0.0039,-0.0029,0.0637,0.0777,-0.0049,0.0035,0.0755,0.0088,0.0041,0.0026,0.0018,0.0013,0.0167,0.012,0.0105,0.0097,0.0092,,,
Sunsuper Pty. Ltd.,Sunsuper Superannuation Fund,Sunsuper for Life,Age 65 and over,,,,,0.56,0.0645,-0.0047,-0.0037,0.0624,0.0762,-0.0054,0.0028,0.074,0.0088,0.0041,0.0026,0.0018,0.0013,0.0167,0.012,0.0105,0.0097,0.0092,,,
T W U Nominees Pty Ltd,TWU Superannuation Fund,Balanced (MySuper),,Single strategy,5659715,0.88,108165,0.78,0.0762,-0.0041,-0.0082,0.072,0.0855,-0.0155,-0.0084,0.0814,0.0109,0.0062,0.0047,0.0039,0.0034,0.0214,0.0167,0.0152,0.0144,0.0139,-0.0361,0.0109,-0.0159
Tasplan Pty Ltd,Tasplan Superannuation Fund,Tasplan MySuper,,Lifecycle,9617667,0.52,137507,,,,,,,,,,,,,,,,,,,,-0.0425,0.0151,-0.009
Tasplan Pty Ltd,Tasplan Superannuation Fund,Tasplan MySuper,Tasplan Ontrack Build,,,,,,,,,,,,,,0.0094,0.0047,0.0032,0.0024,0.0019,0.0175,0.0128,0.0113,0.0105,0.01,,,
Tasplan Pty Ltd,Tasplan Superannuation Fund,Tasplan MySuper,Tasplan Ontrack Sustain,,,,,,,,,,,,,,0.0094,0.0047,0.0032,0.0024,0.0019,0.0168,0.0121,0.0106,0.0098,0.0093,,,
Tasplan Pty Ltd,Tasplan Superannuation Fund,Tasplan MySuper,Tasplan Ontrack Control,,,,,,,,,,,,,,0.0094,0.0047,0.0032,0.0024,0.0019,0.0161,0.0114,0.0099,0.0091,0.0086,,,
Tasplan Pty Ltd,Tasplan Superannuation Fund,Tasplan MySuper,Tasplan Ontrack Maintain,,,,,,,,,,,,,,0.0094,0.0047,0.0032,0.0024,0.0019,0.015,0.0103,0.0088,0.008,0.0075,,,
Telstra Super Pty Ltd,Telstra Superannuation Scheme,Telstra Super MySuper,,Lifecycle,21812774,0.37,96600,,,,,,,,,,,,,,,,,,,,-0.0127,-0.0055,-0.0079
Telstra Super Pty Ltd,Telstra Superannuation Scheme,Telstra Super MySuper,MySuper Growth,,,,,0.92,0.0843,-0.0021,-0.0019,0.0806,0.1037,-0.0078,-3.00E-04,0.1001,0.0078,0.0031,0.0016,8.00E-04,3.00E-04,0.0181,0.0134,0.0119,0.0111,0.0106,,,
Telstra Super Pty Ltd,Telstra Superannuation Scheme,Telstra Super MySuper,MySuper Balanced,,,,,0.76,0.0756,-0.0023,-0.0021,0.0719,0.0891,-0.0076,0,0.0855,0.0078,0.0031,0.0016,8.00E-04,3.00E-04,0.0173,0.0126,0.0111,0.0103,0.0098,,,
Telstra Super Pty Ltd,Telstra Superannuation Scheme,Telstra Super MySuper,MySuper Conservative,,,,,0.39,0.0587,8.00E-04,0.0026,0.055,0.0622,-6.00E-04,0.0065,0.0585,0.0078,0.0031,0.0016,8.00E-04,3.00E-04,0.0162,0.0115,0.01,0.0092,0.0087,,,
Tidswell Financial Services Ltd,Max Super Fund,Max Super Fund MySuper Plan,,Single strategy,100759,0.23,4660,0.75,0.0937,0.0149,0.0085,0.0835,0.1015,0.0033,0.0057,0.0917,0.0102,0.0102,0.0102,0.0102,0.0102,0.0112,0.0112,0.0112,0.0112,0.0112,0.0841,-0.0571,-0.0786
Total Risk Management Pty Limited,Russell Investments Master Trust,General Division,,Single strategy,9430897,0.38,95618,0.73,0.0728,-0.0027,-0.0047,0.0659,0.0799,-0.0127,-0.0092,0.073,0.0136,0.0089,0.0074,0.0066,0.0061,0.0201,0.0154,0.0139,0.0131,0.0126,0.065,-0.0391,-0.0575
Towers Watson Superannuation Pty Ltd,Incitec Pivot Employees Superannuation Fund,Active Balanced,,Single strategy,200638,0.38,883,0.68,0.0753,-3.00E-04,-0.0069,0.072,0.0836,-0.0091,-0.0045,0.0801,0.011,0.0059,0.0042,0.0033,0.0028,0.0203,0.0152,0.0135,0.0126,0.0121,-0.1064,-0.0496,-0.0786
Towers Watson Superannuation Pty Ltd,United Technologies Corporation Retirement Plan,Balanced,,Single strategy,329594,0.28,1852,0.6,0.0654,-0.0052,-0.0076,0.062,0.0797,-0.0044,0.002,0.0763,0.0123,0.0064,0.0044,0.0034,0.0028,0.0198,0.0139,0.0119,0.0109,0.0103,-0.0798,-0.0414,-0.0486
Toyota Super Pty Ltd,Toyota Super,MySuper Growth,,Single strategy,891502,0.66,5143,0.69,0.0728,-0.0034,-0.0053,0.0705,0.0839,-0.01,-0.0012,0.0816,0.0068,0.0033,0.0022,0.0014,9.00E-04,0.0176,0.0141,0.013,0.0122,0.0117,-0.0429,-0.067,-0.0732
Unisuper Limited,Unisuper,UniSuper Balanced,,Single strategy,80796703,0.35,474772,0.68,0.0936,0.0176,0.0144,0.0916,0.0998,0.0064,0.0075,0.0978,0.0096,0.0038,0.0019,0.001,4.00E-04,0.0151,0.0093,0.0074,0.0065,0.0059,0.0583,0.0399,0.0134
United Super Pty Ltd,Construction & Building Unions Superannuation,Growth (Cbus MySuper),,Single strategy,51391507,0.85,766494,0.71,0.0921,0.0174,0.0137,0.0892,0.1009,0.0096,0.0152,0.0978,0.0093,0.0046,0.0031,0.0023,0.0018,0.017,0.0123,0.0108,0.01,0.0095,0.0164,0.0518,0.0106
V.I.S. Nominees Pty. Limited,The Victorian Independent Schools Superannuation Fund,VISSF Balanced Option (MySuper Product),,Single strategy,778020,0.58,8587,0.73,0.0737,-0.004,-0.0085,0.0708,0.0889,-0.0074,-0.0055,0.0859,0.0052,0.0021,0.001,5.00E-04,2.00E-04,0.0147,0.0116,0.0105,0.01,0.0097,-0.0053,-0.0123,-0.0394
Vicsuper Pty Ltd,Victorian Superannuation Fund,Growth (MySuper),,Single strategy,23431415,0.54,248032,0.71,0.0823,0.0025,0.003,0.0781,0.0946,-0.0054,0.0017,0.0906,0.0097,0.005,0.0035,0.0027,0.0022,0.018,0.0133,0.0118,0.011,0.0105,0.0124,0.0424,0.0089
Vision Super Pty Ltd,Local Authorities Superannuation Fund,Vision MySuper,,Single strategy,10174151,0.54,100287,0.73,0.0823,0.0043,0,0.0789,0.098,0.0021,0.0078,0.0946,0.0092,0.0045,0.003,0.0022,0.0017,0.0162,0.0115,0.01,0.0092,0.0087,-0.0015,0.0069,-0.0038
WA Local Government Superannuation Plan Pty Ltd,WA Local Government Superannuation Plan,My WA Super,,Single strategy,3941720,0.45,56398,0.61,0.0706,-4.00E-04,-0.0044,0.0687,0.0751,-0.0099,-0.0058,0.0732,0.0081,0.0037,0.0023,0.0015,0.0011,0.0161,0.0117,0.0103,0.0095,0.0091,-0.0383,0.0201,-8.00E-04
Westpac Securities Administration Limited,Westpac Mastertrust - Superannuation Division,BT Business MySuper,,Lifecycle,6293890,0.7,193312,,,,,,,,,,,,,,,,,,,,-0.079,-0.0454,-0.0615
Westpac Securities Administration Limited,Westpac Mastertrust - Superannuation Division,BT Business MySuper,MySuper 2000s LifeStage,,,,,0.9,0.0835,-0.0034,-0.0057,0.0767,0.1001,-0.0123,-0.008,0.0943,0.0137,0.0082,0.0063,0.0054,0.0049,0.0205,0.015,0.0131,0.0122,0.0117,,,
Westpac Securities Administration Limited,Westpac Mastertrust - Superannuation Division,BT Business MySuper,MySuper 1990s LifeStage,,,,,0.9,0.0827,-0.0043,-0.0066,0.0759,0.102,-0.0104,-0.0061,0.0962,0.0137,0.0082,0.0063,0.0054,0.0049,0.0205,0.015,0.0131,0.0122,0.0117,,,
Westpac Securities Administration Limited,Westpac Mastertrust - Superannuation Division,BT Business MySuper,MySuper 1980s LifeStage,,,,,0.9,0.0839,-0.003,-0.0053,0.0771,0.1025,-0.0099,-0.0056,0.0967,0.0137,0.0082,0.0063,0.0054,0.0049,0.0205,0.015,0.0131,0.0122,0.0117,,,
Westpac Securities Administration Limited,Westpac Mastertrust - Superannuation Division,BT Business MySuper,MySuper 1970s LifeStage,,,,,0.9,0.0849,-0.0015,-0.0034,0.0781,0.1022,-0.0093,-0.0049,0.0964,0.0137,0.0082,0.0063,0.0054,0.0049,0.0205,0.015,0.0131,0.0122,0.0117,,,
Westpac Securities Administration Limited,Westpac Mastertrust - Superannuation Division,BT Business MySuper,MySuper 1960s LifeStage,,,,,0.63,0.0688,-0.0041,-0.0069,0.062,0.0769,-0.0112,-0.0083,0.0712,0.0137,0.0082,0.0063,0.0054,0.0049,0.0203,0.0148,0.0129,0.012,0.0115,,,
Westpac Securities Administration Limited,Westpac Mastertrust - Superannuation Division,BT Business MySuper,MySuper 1950s LifeStage,,,,,0.36,0.054,-0.0037,-0.0061,0.0472,0.0508,-0.0111,-0.0082,0.045,0.0137,0.0082,0.0063,0.0054,0.0049,0.0201,0.0146,0.0127,0.0118,0.0113,,,
Westpac Securities Administration Limited,Westpac Mastertrust - Superannuation Division,BT Business MySuper,MySuper 1940s LifeStage,,,,,0.28,0.0481,-0.0034,-0.0043,0.0412,0.0424,-0.0094,-0.0058,0.0366,0.0137,0.0082,0.0063,0.0054,0.0049,0.0202,0.0147,0.0128,0.0119,0.0114,,,
